name,release_date,steamspy_tags,median_playtime,price
Counter-Strike,2000-11-01,Action;FPS;Multiplayer,317,7.19
Team Fortress Classic,1999-04-01,Action;FPS;Multiplayer,62,3.99
Day of Defeat,2003-05-01,FPS;World War II;Multiplayer,34,3.99
Deathmatch Classic,2001-06-01,Action;FPS;Multiplayer,184,3.99
Half-Life: Opposing Force,1999-11-01,FPS;Action;Sci-fi,415,3.99
Ricochet,2000-11-01,Action;FPS;Multiplayer,10,3.99
Half-Life,1998-11-08,FPS;Classic;Action,83,7.19
Counter-Strike: Condition Zero,2004-03-01,Action;FPS;Multiplayer,43,7.19
Half-Life: Blue Shift,2001-06-01,FPS;Action;Sci-fi,205,3.99
Half-Life 2,2004-11-16,FPS;Action;Sci-fi,402,7.19
Counter-Strike: Source,2004-11-01,Action;FPS;Multiplayer,400,7.19
Half-Life: Source,2004-06-01,FPS;Action;Sci-fi,214,0.0
Day of Defeat: Source,2010-07-12,FPS;World War II;Multiplayer,134,7.19
Half-Life 2: Deathmatch,2004-11-01,Action;FPS;Multiplayer,32,3.99
Half-Life 2: Lost Coast,2005-10-27,FPS;Action;Singleplayer,29,0.0
Half-Life Deathmatch: Source,2006-05-01,Action;FPS;Multiplayer,81,0.0
Half-Life 2: Episode One,2006-06-01,FPS;Action;Sci-fi,184,5.79
Portal,2007-10-10,Puzzle;First-Person;Singleplayer,137,7.19
Half-Life 2: Episode Two,2007-10-10,FPS;Action;Sci-fi,301,5.79
Team Fortress 2,2007-10-10,Free to Play;Multiplayer;FPS,623,0.0
Left 4 Dead,2008-11-17,Zombies;Co-op;FPS,278,7.19
Left 4 Dead 2,2009-11-19,Zombies;Co-op;FPS,566,7.19
Dota 2,2013-07-09,Free to Play;MOBA;Strategy,801,0.0
Portal 2,2011-04-18,Puzzle;Co-op;First-Person,520,7.19
Alien Swarm,2010-07-19,Free to Play;Co-op;Action,83,0.0
Counter-Strike: Global Offensive,2012-08-21,FPS;Multiplayer;Shooter,6502,0.0
Rag Doll Kung Fu,2005-10-12,Indie;Fighting;Multiplayer,0,5.99
Red Orchestra: Ostfront 41-45,2006-03-14,World War II;Action;FPS,258,3.99
Killing Floor,2009-05-14,FPS;Zombies;Co-op,306,14.99
SiN Episodes: Emergence,2006-05-10,Action;FPS;Cyberpunk,0,7.19
Darwinia,2005-07-14,Strategy;Indie;RTS,273,7.19
Uplink,2006-08-23,Hacking;Indie;Strategy,77,6.99
DEFCON,2006-09-29,Strategy;Indie;Multiplayer,119,7.19
Multiwinia,2008-09-19,Indie;RTS;Strategy,224,7.19
Dangerous Waters,2006-02-07,Strategy;Simulation;Naval,0,22.99
Space Empires IV Deluxe,2006-02-07,Strategy;4X;Sci-fi,0,6.99
Disciples II: Rise of the Elves,2006-07-06,Strategy;Turn-Based Strategy;Fantasy,0,4.99
Disciples II: Gallean's Return,2006-07-06,Turn-Based Strategy;Strategy;Classic,12,4.99
Iron Warriors: T - 72 Tank Command,2006-07-26,Simulation;Strategy;Tanks,0,3.99
Space Empires V,2006-10-16,Strategy;4X;Space,35,10.99
Arx Fatalis,2007-04-03,RPG;First-Person;Classic,21,2.99
Source Filmmaker,2012-07-10,Animation & Modeling;Video Production;Free to Play,77,0.0
Earth 2160,2006-04-01,Strategy;RTS;Sci-fi,414,3.99
Two Worlds Epic Edition,2009-04-30,RPG;Open World;Fantasy,422,6.99
Dark Messiah of Might & Magic,2006-10-25,RPG;Action;First-Person,700,4.29
Quake III Arena,2007-08-03,FPS;Action;Classic,103,12.99
Quake IV,2011-08-04,FPS;Action;Shooter,32,12.99
Wolfenstein 3D,2007-08-03,FPS;Classic;Action,110,2.99
Ultimate Doom,2007-08-03,Classic;FPS;Action,179,3.99
Final DOOM,2007-08-03,FPS;Action;Classic,114,3.99
DOOM II,2007-08-03,Classic;FPS;Action,78,3.99
QUAKE,2007-08-03,FPS;Classic;Action,189,3.99
QUAKE II,2007-08-03,FPS;Action;Classic,349,3.99
QUAKE II Mission Pack: The Reckoning,2007-08-03,Action;FPS;Classic,32,2.49
QUAKE II Mission Pack: Ground Zero,2007-08-03,Action;FPS;Shooter,1,2.49
QUAKE III: Team Arena,2007-08-03,Action;FPS;Competitive,0,12.99
HeXen: Beyond Heretic,2007-08-03,Action;FPS;Classic,50,2.99
HeXen: Deathkings of the Dark Citadel,2007-08-03,Action;FPS;Classic,0,2.99
Heretic: Shadow of the Serpent Riders,2007-08-03,Classic;Action;FPS,0,2.99
The Ship: Murder Party,2006-07-11,Multiplayer;Indie;Action,239,0.0
Bloody Good Time,2010-10-29,Action;Multiplayer;FPS,193,4.29
Shadowgrounds,2006-05-08,Action;Sci-fi;Top-Down Shooter,258,3.99
Gumboy - Crazy Adventures™,2006-12-19,Casual;Indie;Singleplayer,0,0.0
Alpha Prime,2007-11-07,Action;FPS;Sci-fi,0,2.99
Vampire: The Masquerade - Bloodlines,2007-03-22,RPG;Vampire;Cult Classic,202,14.99
GUN™,2006-10-13,Western;Action;Open World,889,9.99
Call of Duty®,2006-10-13,FPS;World War II;Action,849,14.99
Call of Duty® 2,2006-10-13,Action;World War II;FPS,1041,14.99
Call of Duty: United Offensive,2006-10-13,Action;World War II;FPS,0,14.99
Act of War: Direct Action,2008-03-12,Action;Strategy;RTS,0,1.99
ThreadSpace: Hyperbol,2007-07-12,Strategy;Action;Indie,0,3.99
ARMA: Combat Operations,2008-03-12,Action;Simulation;Shooter,0,5.99
X2: The Threat,2006-07-21,Space;Strategy;Simulation,732,4.99
X3: Reunion,2006-07-21,Space;Simulation;Strategy,1232,9.99
X3: Terran Conflict,2008-10-16,Space;Simulation;Sci-fi,1273,15.99
X: Beyond the Frontier,2010-10-08,Simulation;Space;Strategy,648,3.49
X: Tension,2010-10-08,Simulation;Strategy;Space,13,3.49
X Rebirth,2013-11-15,Space;Simulation;Sci-fi,3386,24.99
688(I) Hunter/Killer,2006-10-26,Strategy;Simulation;Naval,0,22.99
Fleet Command,2006-10-26,Strategy;Simulation;Naval,0,22.99
Sub Command,2006-10-26,Strategy;Simulation;Naval,0,22.99
FlatOut 2™,2006-12-21,Racing;Destruction;Multiplayer,351,5.99
Xpand Rally,2006-08-24,Racing;Multiplayer,939,3.99
Call of Juarez™,2007-11-08,Western;Action;FPS,60,8.59
Xpand Rally Xtreme,2008-10-08,Racing;Offroad;Simulation,0,3.99
Men of War: Red Tide,2009-11-01,Strategy;World War II;RTS,0,3.99
King's Bounty: Armored Princess,2009-11-19,RPG;Turn-Based Strategy;Strategy,1429,7.99
Genesis Rising,2007-08-06,Strategy;Space;Sci-fi,0,4.49
Safecracker: The Ultimate Puzzle Adventure,2007-08-29,Puzzle;Adventure;Casual,1,4.49
Painkiller Overdose,2007-10-30,Action;FPS;Shooter,270,4.49
Zuma Deluxe,2006-08-30,Casual;Match 3;Puzzle,267,4.25
Heavy Weapon Deluxe,2006-08-30,Casual;Arcade;Action,0,4.25
Peggle Deluxe,2007-03-06,Casual;Puzzle;Arcade,254,4.25
Peggle Extreme,2007-09-11,Casual;Puzzle;Free to Play,1,0.0
Venice Deluxe,2007-06-25,Casual,0,4.25
Mystery P.I.™ - The Lottery Ticket,2007-10-16,Casual;Hidden Object,0,4.25
Amazing Adventures The Lost Tomb™,2007-12-13,Casual;Hidden Object;Puzzle,0,4.25
Mystery P.I.™ - The Vegas Heist,2008-06-05,Casual;Hidden Object,0,4.25
Amazing Adventures Around the World,2009-04-15,Casual;Hidden Object;Puzzle,0,4.25
Peggle™ Nights,2008-10-15,Casual;Puzzle;Singleplayer,237,4.25
Bejeweled Twist,2008-11-18,Casual;Strategy;Match 3,0,4.25
Mystery P.I.™ - The New York Fortune,2009-01-28,Casual;Hidden Object,0,4.25
The Wizard's Pen™,2009-02-18,Casual;Hidden Object,0,4.25
Plants vs. Zombies GOTY Edition,2009-05-05,Tower Defense;Zombies;Strategy,374,4.25
Escape Rosecliff Island,2009-04-15,Casual;Hidden Object;Puzzle,0,4.25
Mystery P.I. - Lost in Los Angeles,2009-07-27,Casual;Hidden Object,0,4.25
Zuma's Revenge!,2009-09-15,Casual;Action;Match 3,0,4.25
Sniper Elite,2009-07-16,Action;Sniper;Stealth,371,5.59
Judge Dredd: Dredd vs. Death,2009-03-26,Action;FPS;First-Person,8,5.59
Evil Genius,2009-06-22,Base-Building;Strategy;Villain Protagonist,318,6.99
Aliens versus Predator Classic 2000,2010-01-15,FPS;Action;Classic,24,3.99
Advent Rising,2006-09-14,Action;Sci-fi;Story Rich,0,7.19
BloodRayne,2006-09-14,Action;Vampire;Female Protagonist,111,6.99
BloodRayne 2,2006-09-14,Action;Vampire;Female Protagonist,771,6.99
Psychonauts,2006-10-11,Platformer;Comedy;Adventure,232,6.99
Sid Meier's Civilization® IV,2006-10-25,Strategy;Turn-Based Strategy;Turn-Based,64,9.99
Sid Meier's Civilization® III Complete,2006-10-25,Strategy;Turn-Based Strategy;Turn-Based,13,2.99
Sid Meier's Pirates!,2005-07-11,Pirates;Open World;RPG,436,5.99
Shattered Union,2006-10-25,Strategy;Turn-Based Strategy,0,2.99
CivCity: Rome,2007-04-06,Strategy;City Builder;Simulation,0,5.99
Civilization IV®: Warlords,2007-04-06,Strategy;Turn-Based;4X,0,2.99
Garry's Mod,2006-11-29,Sandbox;Multiplayer;Funny,1875,6.99
Poker Superstars II,2006-10-05,Card Game,0,5.99
RACE - The WTCC Game,2006-11-24,Racing;Simulation,0,25.99
RACE: Caterham Expansion,2007-06-22,Racing;Simulation,0,3.99
RoboBlitz,2006-11-07,Action;Indie;Puzzle,78,5.99
Silverfall,2007-03-20,RPG;Hack and Slash;Action RPG,0,7.99
City Life 2008,2008-09-29,Simulation;Strategy;City Builder,0,6.99
Silverfall: Earth Awakening,2008-07-18,RPG;Hack and Slash;Action RPG,0,7.99
S.T.A.L.K.E.R.: Shadow of Chernobyl,2007-03-20,Atmospheric;Post-apocalyptic;Open World,360,9.99
Full Spectrum Warrior,2007-07-17,Strategy;Action;Tactical,244,7.99
Full Spectrum Warrior: Ten Hammers,2007-07-17,Strategy;Action;Tactical,1,4.99
Company of Heroes - Legacy Edition,2007-07-17,Strategy;RTS;World War II,186,0.0
"Warhammer® 40,000: Dawn of War® - Game of the Year Edition",2007-08-07,Strategy;Warhammer 40K;RTS,340,9.99
"Warhammer® 40,000: Dawn of War® - Dark Crusade",2007-08-07,Strategy;Warhammer 40K;RTS,620,9.99
Total War: MEDIEVAL II – Definitive Edition,2006-11-15,Strategy;Medieval;Historical,361,0.0
Condemned: Criminal Origins,2012-10-29,Horror;Action;Atmospheric,312,9.99
Rome: Total War™ - Collection,2007-08-28,Strategy;Historical;Rome,1192,8.99
Rome: Total War™ - Alexander,2007-08-28,Strategy;RTS;Historical,33,8.99
Medieval II: Total War™ Kingdoms,2007-08-28,Strategy;Medieval;Historical,0,0.0
Heroes of Annihilated Empires,2006-11-22,Strategy;RTS;RPG,0,9.99
Cossacks: Back to War,2010-09-02,Strategy;RTS;Classic,1208,3.99
Cossacks: Art of War,2011-08-26,Strategy;RTS;Historical,0,3.99
Cossacks: European Wars,2011-08-26,Strategy;RTS;Historical,1,3.99
Cossacks II: Battle for Europe,2011-08-26,Strategy;RTS;Historical,71,3.99
Zen of Sudoku,2006-12-14,Casual;Indie;Puzzle,0,0.0
Natural Selection 2,2012-10-30,Multiplayer;Strategy;FPS,253,6.99
STAR WARS™ Republic Commando™,2009-07-08,Star Wars;Action;FPS,265,7.19
Indiana Jones® and the Fate of Atlantis™,2009-07-08,Adventure;Point & Click;Classic,804,4.79
STAR WARS™ Jedi Knight - Jedi Academy™,2009-09-16,Star Wars;Action;Sci-fi,174,7.19
STAR WARS™ Jedi Knight II - Jedi Outcast™,2009-09-16,Star Wars;Action;Classic,180,7.19
The Dig®,2009-07-08,Adventure;Point & Click;Sci-fi,801,4.79
"Star Wars: Battlefront 2 (Classic, 2005)",2009-07-08,Star Wars;Action;Multiplayer,320,7.19
Thrillville®: Off the Rails™,2009-07-08,Simulation;Strategy;Action,17,7.19
Armed and Dangerous®,2009-07-08,Action;Comedy;Third-Person Shooter,100,4.79
Shank,2010-10-25,Action;Indie;Beat 'em up,363,7.19
Ghost Master®,2006-12-21,Strategy;Comedy;Puzzle,21,3.99
Vegas: Make It Big™,2006-12-21,Strategy;Simulation;Management,0,3.99
FlatOut,2007-02-02,Racing;Destruction;Driving,96,4.99
Making History: The Calm & the Storm,2007-03-13,Strategy;Action;Grand Strategy,0,3.99
Ducati World Championship,2007-09-21,Racing;Simulation,0,3.99
Dreamfall: The Longest Journey,2007-01-12,Adventure;Female Protagonist;Story Rich,20,13.99
The Longest Journey,2007-05-01,Adventure;Point & Click;Female Protagonist,19,5.99
Bloodline Champions,2011-10-28,Free to Play;Action;MOBA,102,0.0
Joint Task Force,2007-03-27,Strategy;Action;RTS,0,5.79
Nexus - The Jupiter Incident,2007-07-03,Strategy;Space;Sci-fi,0,6.99
Lost Planet™: Extreme Condition,2007-06-29,Action;Adventure;Third-Person Shooter,74,9.99
Devil May Cry® 3 Special Edition,2007-06-12,Action;Hack and Slash;Great Soundtrack,90,15.99
Commandos: Behind Enemy Lines,2007-03-15,Strategy;Stealth;Action,70,3.99
Commandos: Beyond the Call of Duty,2007-03-15,Action;Strategy;Tactical,14,3.99
Commandos 2: Men of Courage,2007-03-15,Strategy;Tactical;Stealth,302,3.99
Commandos 3: Destination Berlin,2007-03-15,Strategy;Action;Tactical,20,3.99
Hitman 2: Silent Assassin,2007-03-15,Stealth;Action;Third Person,58,8.29
Hitman: Blood Money,2007-03-15,Stealth;Action;Third Person,365,9.29
Battlestations: Midway,2007-03-15,Action;World War II;Naval,0,4.99
Just Cause,2007-03-15,Action;Open World;Shooter,25,4.99
Hitman: Codename 47,2007-03-15,Stealth;Action;Classic,43,7.19
Deus Ex: Game of the Year Edition,2007-03-29,Cyberpunk;RPG;Stealth,245,4.99
Deus Ex: Invisible War,2007-03-29,Cyberpunk;Action;FPS,31,4.99
Thief: Deadly Shadows,2007-03-29,Stealth;Atmospheric;Action,368,6.99
Tomb Raider: Legend,2007-03-29,Adventure;Action;Female Protagonist,725,4.99
Project: Snowblind,2007-03-29,Action;FPS;Cyberpunk,0,3.99
Rogue Trooper,2007-03-29,Action;Third-Person Shooter;Sci-fi,0,6.99
Jade Empire™: Special Edition,2007-02-27,RPG;Fantasy;Story Rich,0,8.99
Trackmania United Forever Star Edition,2008-04-16,Racing;Multiplayer;Level Editor,4774,25.99
"Runaway, A Road Adventure",2007-03-14,Adventure;Point & Click;Mystery,14,6.99
"Runaway, The Dream of The Turtle",2007-03-14,Adventure;Point & Click;Mystery,0,6.99
Loki,2007-10-05,RPG;Hack and Slash;Action,0,6.99
Azada,2010-04-21,Casual;Indie;Puzzle,0,6.99
X-Blades,2009-04-30,Action;Hack and Slash;Female Protagonist,341,6.99
Two Worlds II HD,2011-02-03,RPG;Open World;Fantasy,403,14.99
Two Worlds II Castle Defense,2011-06-14,Strategy;Tower Defense;Fantasy,330,6.99
Sid Meier's Railroads!,2007-05-04,Strategy;Trains;Management,253,5.99
Railroad Tycoon 3,2007-05-04,Strategy;Management;Trains,46,5.99
Railroad Tycoon II Platinum,2007-05-04,Strategy;Management;Trains,1261,2.99
X-COM: Terror From the Deep,2007-05-04,Strategy;Turn-Based;Sci-fi,82,2.99
X-COM: Apocalypse,2008-09-04,Strategy;Turn-Based;Tactical,18,2.99
X-COM: Interceptor,2008-09-04,Strategy;Sci-fi;Space,0,2.99
X-COM: UFO Defense,2008-09-04,Strategy;Classic;Turn-Based Strategy,2224,2.99
X-COM: Enforcer,2008-09-04,Strategy;Action;Shooter,0,2.99
Men of War™,2009-05-06,Strategy;World War II;RTS,0,3.99
Death Track®: Resurrection,2009-05-06,Racing;Action;Shooter,0,1.99
NecroVision,2009-05-20,Action;FPS;World War I,113,3.99
Call of Duty® 4: Modern Warfare®,2007-11-12,FPS;Action;Multiplayer,1503,19.99
Tomb Raider: Anniversary,2007-06-05,Action;Adventure;Female Protagonist,280,6.99
Kane and Lynch: Dead Men™,2007-12-13,Action;Third-Person Shooter;Crime,209,4.99
Conflict: Denied Ops,2008-02-08,Action;FPS;Singleplayer,0,3.99
Tomb Raider: Underworld,2008-11-21,Adventure;Action;Female Protagonist,565,6.99
Battlestations Pacific,2009-05-13,World War II;Strategy;Action,132,6.99
Just Cause 2,2010-03-23,Open World;Action;Sandbox,272,9.99
Bone: Out From Boneville,2008-06-17,Adventure;Point & Click,0,0.0
Bone: The Great Cow Race,2008-06-17,Adventure;Point & Click,0,0.0
Telltale Texas Hold ‘Em,2008-06-17,Casual;Card Game,0,1.99
Strong Bad's Cool Game for Attractive People: Season 1,2008-12-18,Adventure;Point & Click;Comedy,0,22.99
Geometry Wars: Retro Evolved,2007-06-18,Arcade;Twin Stick Shooter;Casual,109,2.99
EVE Online,2010-12-15,Space;Massively Multiplayer;Sci-fi,230,0.0
RACE 07,2007-10-15,Racing;Simulation;Driving,218,2.49
GTR 2 FIA GT Racing Game,2012-12-12,Racing;Simulation;Sports,0,4.99
Civilization IV: Beyond the Sword,2007-07-24,Strategy;Turn-Based Strategy;4X,108,5.99
BioShock Infinite,2013-03-25,FPS;Story Rich;Action,519,19.99
Freedom Force,2009-05-29,RPG;Strategy;Superhero,16,2.99
Freedom Force vs. the Third Reich,2009-05-29,RPG;Strategy;Superhero,23,2.99
Sid Meier's Civilization® V,2010-09-23,Turn-Based Strategy;Strategy;Turn-Based,1797,19.99
Axel & Pixel,2010-10-06,Indie;Point & Click,0,3.49
Spear of Destiny,2007-08-03,Action;FPS;Classic,0,2.49
Return to Castle Wolfenstein,2007-08-03,FPS;Action;Classic,48,3.99
QUAKE Mission Pack 2: Dissolution of Eternity,2007-08-03,Action;FPS;Shooter,91,2.49
QUAKE Mission Pack 1: Scourge of Armagon,2007-08-03,Action;FPS;Shooter,152,2.49
DOOM 3,2007-08-03,Horror;FPS;Action,394,0.0
HeXen II,2007-08-03,Action;FPS;Classic,10,2.99
Master Levels for Doom II,2007-08-03,Action;FPS;Classic,12,0.0
Commander Keen,2007-08-03,Platformer;Classic;Action,145,2.99
RAGE,2011-10-03,FPS;Post-apocalyptic;Action,392,7.99
"Warhammer® 40,000: Dawn of War® – Winter Assault",2007-08-07,Strategy;Warhammer 40K;RTS,365,9.99
Company of Heroes: Opposing Fronts,2007-09-24,Strategy;RTS;Action,106,9.99
Supreme Commander,2011-09-28,Strategy;RTS;Sci-fi,306,8.99
Supreme Commander: Forged Alliance,2011-09-28,Strategy;RTS;Sci-fi,1067,8.99
"Warhammer® 40,000: Dawn of War® - Soulstorm",2008-03-07,Warhammer 40K;Strategy;RTS,1629,9.99
Frontlines™: Fuel of War™,2008-02-29,Action;FPS;Shooter,154,9.99
Saints Row 2,2009-01-07,Open World;Action;Character Customization,81,9.99
Gish,2007-07-20,Indie;Platformer;Physics,23,5.99
Desperados 2: Cooper's Revenge,2008-03-12,Action;Western;Strategy,0,6.99
Act of War: High Treason,2008-03-12,Action;Strategy;RTS,0,1.99
Death to Spies,2008-03-12,Stealth;Action;Adventure,84,3.99
Codename: Panzers - Cold War,2009-05-06,Strategy;Simulation;RTS,0,13.99
Champions Online,2011-06-14,Free to Play;Superhero;Massively Multiplayer,724,0.0
Star Trek Online,2012-01-31,Free to Play;Sci-fi;Space,638,0.0
Blade Kitten,2014-05-22,Anime;Platformer;Female Protagonist,360,1.99
Haunted House™,2010-09-28,Adventure,0,4.79
Star Raiders,2011-05-11,Action;Space,0,6.99
The UnderGarden,2010-11-10,Casual;Puzzle;Relaxing,23,4.99
Call of Duty: World at War,2008-11-18,Zombies;World War II;FPS,1108,19.99
King's Quest™ Collection,2009-07-23,Adventure;Point & Click;Classic,19,14.99
Space Quest™ Collection,2009-07-23,Adventure;Point & Click;Classic,10,9.99
Aces of the Galaxy™,2009-07-23,Action;Casual;Space,0,6.99
TimeShift™,2009-07-23,Action;FPS;Time Manipulation,0,9.99
3D Ultra™ Minigolf Adventures,2009-07-23,Sports;Mini Golf;Golf,0,6.99
Prototype™,2009-06-12,Action;Open World;Adventure,1001,14.99
Call of Duty®: Modern Warfare® 2,2009-11-11,Action;FPS;Multiplayer,580,19.99
Postal III,2012-02-17,Action;Dark Humor;Gore,411,8.99
Dead Mountaineer's Hotel,2011-10-28,Adventure;Point & Click,0,5.59
A Stroke of Fate: Operation Valkyrie,2011-10-28,Adventure;Point & Click,0,4.99
PT Boats: Knights of the Sea,2011-10-28,Simulation;Naval,0,4.99
PT Boats: South Gambit,2011-10-28,Simulation;Naval,0,4.99
Disciples III: Reincarnation,2014-02-14,RPG;Turn-Based Strategy;Strategy,889,9.99
The Club™,2008-02-20,Action;Third-Person Shooter;Arcade,0,9.99
Total War: EMPIRE – Definitive Edition,2009-03-04,Strategy;Historical;Military,1385,19.99
Aliens vs. Predator™,2010-02-16,Action;FPS;Aliens,168,9.99
TrackMania Nations Forever,2008-04-16,Racing;Free to Play;Multiplayer,87,0.0
Sherlock Holmes - Nemesis,2008-08-07,Adventure;Detective;Point & Click,0,6.99
Dracula Origin,2008-08-07,Adventure;Point & Click;Vampire,0,6.99
Sherlock Holmes: The Mystery of the Mummy,2009-08-06,Adventure;Point & Click;Detective,0,0.0
Sherlock Holmes: The Awakened - Remastered Edition,2009-08-06,Adventure;Point & Click;Lovecraftian,0,6.99
Sherlock Holmes: The Silver Earring,2009-08-06,Adventure;Point & Click;Detective,0,6.99
Sherlock Holmes versus Jack the Ripper,2009-12-23,Adventure;Point & Click;Detective,0,6.99
Shadowgrounds Survivor,2007-11-14,Action;Sci-fi;Isometric,374,6.99
Gumboy Tournament,2008-05-19,Indie;Casual;Racing,49,1.79
Space Trader: Merchant Marine,2008-10-23,Action;Space;FPS,15,3.99
Pacific Storm,2008-06-24,Strategy;Simulation;World War II,0,5.59
Pacific Storm Allies,2008-08-18,Simulation;Strategy;World War II,0,5.59
Penguins Arena: Sedna's World,2008-12-18,Action;Casual;Indie,97,4.79
Obulis,2009-03-19,Puzzle;Casual;Indie,69,3.99
Larva Mortus,2009-03-19,Action;Indie;Top-Down,108,3.99
Chains,2009-07-01,Indie;Puzzle;Physics,36,3.99
Overlord™,2009-11-12,RPG;Villain Protagonist;Third Person,304,3.49
Soldiers: Heroes of World War II,2014-07-03,Strategy;World War II;RTS,0,3.99
Maelstrom: The Battle for Earth Begins,2009-02-13,Strategy;RTS,0,3.49
Hospital Tycoon,2009-02-13,Simulation;Management;Singleplayer,176,3.49
Grand Theft Auto III,2008-01-04,Open World;Action;Classic,63,5.99
Grand Theft Auto: Vice City,2011-01-10,Open World;Action;1980s,93,5.99
Grand Theft Auto: San Andreas,2008-01-04,Open World;Action;Multiplayer,249,9.99
Manhunt,2008-01-04,Gore;Violent;Stealth,101,5.99
Max Payne,2008-01-04,Noir;Action;Classic,316,5.99
Max Payne 2: The Fall of Max Payne,2008-01-04,Noir;Action;Third-Person Shooter,175,5.99
Grand Theft Auto,2008-01-04,Action;Classic;Open World,7,0.0
Grand Theft Auto 2,2008-01-04,Action;Classic;Open World,4,0.0
Bully: Scholarship Edition,2008-10-21,Open World;Action;Adventure,225,9.99
Grand Theft Auto IV,2008-12-02,Open World;Action;Bowling,634,19.99
Grand Theft Auto: Episodes from Liberty City,2010-04-12,Open World;Action;Multiplayer,112,14.99
Culpa Innata,2008-01-18,Adventure;RPG;Sci-fi,0,6.99
Sacred Gold,2008-07-09,RPG;Action;Hack and Slash,404,6.99
Darkstar One,2008-02-13,Action;Space;Sci-fi,0,6.99
Jack Keane,2008-06-27,Adventure;Point & Click;Comedy,0,6.99
FlatOut: Ultimate Carnage,2008-08-26,Racing;Destruction;Multiplayer,71,16.99
Exodus from the Earth,2008-10-24,Action;FPS;Shooter,0,10.99
Perimeter 2: New Earth,2009-02-10,Strategy;RTS,0,10.99
SlamIt Pinball Big Score,2009-02-23,Casual;Pinball,2,3.99
Ankh 2: Heart of Osiris,2009-06-16,Adventure;Point & Click;Comedy,0,10.99
Ankh 3: Battle of the Gods,2009-06-16,Adventure;Point & Click,0,10.99
BC Kings,2009-06-16,Strategy;RTS,0,3.99
Port Royale 2,2009-06-16,Strategy;Trading;Pirates,203,2.99
9th Company: Roots Of Terror,2009-12-03,Strategy;RTS;Military,0,6.99
PuzzleQuest: Challenge of the Warlords,2008-01-29,Puzzle;Match 3;Casual,52,6.99
Prison Tycoon 3™: Lockdown,2008-01-29,Strategy;Simulation,0,6.99
18 Wheels of Steel: American Long Haul,2008-01-29,Simulation;Racing;Driving,0,6.99
Hunting Unlimited™ 2008,2008-01-29,Action;Strategy;Adventure,0,4.99
Mahjongg Investigations: Under Suspicion,2008-07-29,Casual;Puzzle,0,5.99
Ride! Carnival Tycoon,2008-07-29,Simulation;Management,0,4.99
Sprint Cars Road to Knoxville,2008-07-29,Racing,0,4.99
Midnight Outlaw: 6 Hours to SunUp,2008-07-29,Racing,0,4.99
Drakensang,2009-03-09,RPG;Fantasy;Party-Based RPG,0,6.99
Mission Runway,2009-07-17,Simulation;Casual,0,4.99
Overlord™: Raising Hell,2009-11-12,RPG;Action;Villain Protagonist,256,6.99
Rise of the Argonauts,2009-01-07,RPG;Action;Adventure,147,4.99
Damnation,2009-05-22,Action;Adventure;Steampunk,0,6.99
Overlord II,2009-06-24,RPG;Villain Protagonist;Fantasy,119,6.99
Operation Flashpoint: Dragon Rising,2009-10-08,Action;FPS;Tactical,417,6.99
Ninja Reflex: Steamworks Edition,2008-03-21,Indie;Casual;Ninja,121,3.99
America's Army 3,2009-06-17,Action;Free to Play;FPS,13,0.0
Unreal 2: The Awakening,2008-03-17,Action;FPS;Sci-fi,682,8.99
Unreal Tournament 3 Black,2009-03-05,FPS;Action;Multiplayer,239,13.99
Unreal Tournament 2004: Editor's Choice Edition,2004-03-17,FPS;Arena Shooter;Action,496,8.99
Unreal Tournament: Game of the Year Edition,2008-03-17,Classic;FPS;Action,924,5.99
Unreal Gold,2008-03-17,Classic;FPS;Action,41,5.99
Prince of Persia: Warrior Within™,2009-08-27,Action;Adventure;Parkour,312,8.59
Far Cry®,2008-04-01,FPS;Action;Classic,229,8.59
Prince of Persia: The Two Thrones™,2009-08-27,Action;Adventure;Platformer,205,8.59
Tom Clancy's Rainbow Six® Vegas,2008-04-09,Action;FPS;Tactical,0,8.59
Tom Clancy's Splinter Cell®,2008-04-01,Stealth;Action;Third Person,28,4.29
Tom Clancy's Splinter Cell Chaos Theory®,2009-08-27,Stealth;Action;Third Person,22,8.59
Tom Clancy's Splinter Cell Double Agent®,2009-02-13,Stealth;Action;Third Person,0,8.59
Prince of Persia®: The Sands of Time,2009-08-27,Action;Adventure;Parkour,167,8.59
Tom Clancy's Ghost Recon® Desert Siege™,2008-07-15,Action;FPS;Tactical,2,4.29
Tom Clancy's Rainbow Six Lockdown™,2009-08-27,Action;FPS;Tactical,20,4.29
Rayman Raving Rabbids™,2008-06-13,Adventure;Action;Psychological Horror,29,4.29
Assassin's Creed™: Director's Cut Edition,2008-04-09,Action;Adventure;Open World,476,8.59
Tom Clancy's Rainbow Six® Vegas 2,2008-04-16,Action;Tactical;FPS,1936,8.59
Beyond Good and Evil™,2008-05-13,Adventure;Female Protagonist;Action,448,4.29
Petz® Horsez® 2,2009-08-27,Simulation;Horses;Family Friendly,0,4.29
Heroes of Might & Magic V,2008-05-13,Strategy;Turn-Based Strategy;Fantasy,396,8.59
Brothers in Arms: Road to Hill 30™,2008-05-13,Action;FPS;World War II,69,4.29
Silent Hunter®: Wolves of the Pacific,2009-08-27,Simulation;Submarine;World War II,134,8.59
Silent Hunter® III,2008-06-13,Simulation;Naval;World War II,0,4.29
Silent Hunter®: Wolves of the Pacific U-Boat Missions,2009-08-27,Simulation;Submarine;World War II,0,4.29
Cold Fear™,2008-05-13,Horror;Action;Survival Horror,0,4.29
Tom Clancy's Ghost Recon®,2008-07-15,Tactical;FPS;Action,476,8.59
IL-2 Sturmovik: 1946,2008-06-13,Simulation;Flight;World War II,1812,8.69
Heroes of Might & Magic V: Tribes of the East,2008-10-10,Strategy;Turn-Based Strategy;Turn-Based,6679,8.59
Heroes of Might & Magic V: Hammers of Fate,2008-10-10,Strategy;Turn-Based Strategy;Turn-Based,19,8.59
Brothers in Arms: Hell's Highway™,2008-10-08,Action;World War II;FPS,346,8.59
Harvest: Massive Encounter,2009-01-23,Strategy;Indie;Tower Defense,0,5.79
The Wonderful End of the World,2008-07-17,Indie;Casual;Action,0,6.99
AaAaAA!!! - A Reckless Disregard for Gravity,2009-09-03,Action;Indie;First-Person,151,6.99
AaaaaAAaaaAAAaaAAAAaAAAAA!!! for the Awesome,2011-11-23,Indie;Action;First-Person,136,6.99
"Warhammer 40,000: Dawn of War II",2009-02-18,Strategy;Warhammer 40K;RTS,293,14.99
Oddworld: Abe's Oddysee®,2008-08-28,Adventure;Platformer;Classic,217,1.99
Oddworld: Abe's Exoddus®,2008-08-28,Adventure;Platformer;2D,67,1.99
Oddworld: Munch's Oddysee,2010-12-20,Adventure;Action;Strategy,3,3.99
Oddworld: Stranger's Wrath HD,2010-12-20,Adventure;Action;Singleplayer,98,6.99
Planet Busters,2008-06-30,Indie;Casual,0,5.99
7 Wonders II,2008-06-10,Casual;Puzzle;Match 3,0,6.99
Luxor Amun Rising,2008-06-10,Casual,0,5.99
Luxor 2,2008-06-10,Casual,0,5.99
Luxor 3,2008-06-10,Casual;Match 3;Puzzle,102,5.99
Little Farm,2008-06-10,Casual;Agriculture;Puzzle,0,5.99
Luxor,2008-06-10,Casual;Match 3,0,5.99
Discovery! A Seek and Find Adventure,2008-07-29,Casual;Hidden Object,0,6.99
Samantha Swift and the Hidden Roses of Athena,2008-10-31,Casual;Hidden Object;Adventure,0,5.99
7 Wonders: Treasures of Seven,2008-11-14,Casual;Match 3;Puzzle,0,6.99
Luxor: Quest for the Afterlife,2008-12-15,Casual;Puzzle;Match 3,0,5.99
Samantha Swift and the Golden Touch,2009-04-29,Casual;Hidden Object;Adventure,0,5.99
Virtual Villagers: A New Home,2008-05-12,Casual;Simulation,0,5.99
Virtual Villagers: The Lost Children,2008-05-12,Casual;Simulation,0,5.99
Plant Tycoon,2008-05-12,Casual;Simulation;Management,0,5.99
Fish Tycoon,2008-05-12,Casual;Simulation;Management,0,5.99
Virtual Villagers - The Secret City,2008-05-28,Casual;Simulation,0,5.99
Virtual Families,2009-05-06,Simulation;Casual,0,7.49
F.E.A.R. 2: Project Origin,2009-02-12,Horror;FPS;Action,367,9.99
Chaos Theory,2008-05-22,Indie;Casual;Puzzle,0,1.99
Trials 2: Second Edition,2008-05-28,Racing;Indie;Sports,382,5.99
Monster Trucks Nitro,2009-01-29,Racing;Indie;Sports,0,16.99
Insecticide Part 1,2008-07-01,Adventure;Action;Female Protagonist,265,0.79
Velvet Assassin,2009-05-01,Stealth;Action;Female Protagonist,10,1.69
Legendary,2008-12-01,Action;FPS;Shooter,90,1.69
Sid Meier's Civilization IV: Colonization,2008-09-23,Strategy;Turn-Based;Turn-Based Strategy,1,9.99
GROUND BRANCH,2018-08-14,Early Access;Indie;Tactical,0,15.49
Tribes: Ascend,2012-06-27,Free to Play;FPS;Action,75,0.0
Children of the Nile: Enhanced Edition,2008-07-08,City Builder;Historical;Management,0,5.99
Children of the Nile: Alexandria,2008-09-22,City Builder;Simulation;Management,0,1.49
Hinterland,2008-09-30,Strategy;RPG;Fantasy,0,6.99
Mosby's Confederacy,2008-11-19,Strategy;Historical,0,6.99
Crysis,2008-09-17,FPS;Action;Sci-fi,105,9.99
Crysis Warhead®,2008-09-17,Action;FPS;Sci-fi,29,7.99
SPORE™,2008-12-19,Simulation;Sandbox;Open World,764,14.99
Mirror's Edge™,2009-01-14,Parkour;First-Person;Action,172,9.99
Need for Speed Undercover,2008-12-19,Racing;Open World;Multiplayer,1046,9.99
SPORE™ Creepy & Cute Parts Pack,2008-12-19,Simulation;Adventure;Open World,240,9.99
Dragon Age: Origins,2009-11-05,RPG;Fantasy;Story Rich,2889,14.99
Mass Effect,2008-12-19,RPG;Sci-fi;Story Rich,633,7.99
Dead Space,2009-01-09,Horror;Action;Sci-fi,178,14.99
Command & Conquer: Red Alert 3,2009-01-08,Strategy;RTS;Base-Building,395,9.99
Zombie Panic! Source,2008-10-03,Free to Play;Zombies;Multiplayer,86,0.0
"Pirates, Vikings, and Knights II",2010-02-12,Free to Play;Multiplayer;Action,197,0.0
Nuclear Dawn,2011-09-26,Strategy;FPS;Action,1184,6.99
Empires Mod,2008-07-28,Free to Play;Strategy;Action,1378,0.0
"Precipice of Darkness, Episode One",2008-05-21,RPG;Adventure;Comedy,7,5.99
"Precipice of Darkness, Episode Two",2008-11-07,RPG;Adventure;Comedy,0,5.99
DeathSpank,2010-10-25,RPG;Action;Indie,1008,7.99
DeathSpank: Thongs of Virtue,2010-11-30,Action;RPG;Indie,0,7.99
The Baconing,2011-08-31,RPG;Action;Adventure,14,9.99
Unstoppable Gorg,2012-01-19,Tower Defense;Strategy;Indie,37,6.99
Spectraball,2008-10-20,Casual;Indie;Puzzle,126,3.99
Crazy Machines 2,2008-06-20,Casual;Strategy;Puzzle,66,7.19
Crazy Machines,2008-12-12,Casual;Strategy;Puzzle,0,6.99
Helldorado,2009-04-30,Strategy;Western,0,6.99
Mata Hari,2009-07-29,Adventure;Point & Click;Female Protagonist,1,3.99
Defense Grid: The Awakening,2008-12-08,Tower Defense;Strategy;Sci-fi,686,6.99
Mayhem Intergalactic,2009-01-22,Indie;Strategy,0,6.99
And Yet It Moves,2009-04-02,Platformer;Indie;Puzzle,22,6.99
Zero Gear,2010-01-12,Racing;Indie;Action,373,3.99
Silent Hill Homecoming,2009-03-02,Horror;Adventure;Survival Horror,73,17.99
Puzzle Chronicles,2010-06-25,RPG;Casual;Puzzle,0,7.99
Rocket Knight,2010-06-25,Action;Adventure;Platformer,0,11.99
Biozone,2010-06-25,Action;Adventure;Casual,0,7.99
Tank Universal,2008-08-21,Action;Indie;Tanks,63,3.99
Space Ark,2012-03-16,Action;Casual;Indie,0,3.99
Eternity's Child,2008-07-31,Indie;Adventure;Platformer,9,2.99
Brothers in Arms: Earned in Blood™,2008-10-10,Action;FPS;World War II,164,4.29
Tom Clancy's Rainbow Six® 3 Gold,2008-09-25,Tactical;FPS;Action,61,4.29
Far Cry® 2: Fortune's Edition,2008-10-22,Open World;FPS;Action,229,8.59
Prince of Persia®,2008-12-10,Action;Adventure;Platformer,399,8.59
Galactic Bowling,2008-10-21,Indie;Casual;Sports,0,13.99
S.T.A.L.K.E.R.: Clear Sky,2008-09-15,Open World;Atmospheric;Post-apocalyptic,779,7.99
Red Faction,2009-08-05,Action;FPS;Sci-fi,107,4.99
Company of Heroes: Tales of Valor,2009-04-08,Strategy;RTS;World War II,133,9.99
Red Faction II,2009-08-06,Action;FPS;Strategy,0,4.99
"Warhammer® 40,000: Dawn of War® II Chaos Rising",2010-03-11,Strategy;Warhammer 40K;RTS,249,14.99
Starscape,2008-11-03,Action;Indie;Strategy,12,5.99
Mr. Robot,2008-11-03,Indie;Strategy;Action,14,5.99
Shatter,2010-03-15,Great Soundtrack;Indie;Arcade,51,6.99
The Witcher: Enhanced Edition Director's Cut,2008-09-16,RPG;Fantasy;Story Rich,335,6.99
The Witcher 2: Assassins of Kings Enhanced Edition,2012-04-16,RPG;Fantasy;Mature,320,14.99
LEGO® Batman™: The Videogame,2008-09-29,LEGO;Action;Adventure,716,14.99
Watchmen: The End is Nigh,2009-03-04,Action;Superhero;Beat 'em up,0,3.99
Watchmen: The End is Nigh Part 2,2009-07-29,Action;Superhero;Beat 'em up,0,3.99
F.E.A.R.,2010-05-21,Horror;FPS;Action,498,35.96
F.E.A.R. 3,2011-06-21,FPS;Horror;Co-op,298,12.99
LEGO® Harry Potter: Years 1-4,2010-06-25,LEGO;Adventure;Action,989,9.99
Gravitron 2,2008-09-30,Arcade,0,2.99
Project Aftermath,2008-10-03,Strategy;Indie;Action,0,4.79
Pyroblazer®,2008-11-13,Racing;Sci-fi,0,4.99
Flock!,2009-04-07,Strategy;Casual;Puzzle,0,3.49
Street Fighter® IV,2009-07-07,Fighting;Action;Arcade,0,13.99
Bionic Commando,2009-07-28,Action;Adventure;Third Person,30,6.49
Bionic Commando: Rearmed,2009-07-28,Action;Platformer;Remake,16,6.49
Resident Evil™ 5/ Biohazard 5®,2009-09-15,Action;Zombies;Co-op,532,13.99
Driver® Parallel Lines,2009-02-13,Racing;Action;Open World,0,8.59
Tom Clancy's EndWar™,2009-02-25,Strategy;RTS;Tactical,655,8.59
Call of Juarez®: Bound in Blood,2009-07-02,Western;Action;FPS,13,8.59
World of Goo,2008-10-13,Puzzle;Indie;Physics,277,6.99
Mount & Blade,2008-11-03,RPG;Medieval;Open World,597,7.99
Penumbra: Black Plague Gold Edition,2009-01-23,Horror;Adventure;First-Person,189,0.0
Hearts of Iron 2 Complete,2009-01-23,Strategy;Grand Strategy;World War II,0,9.99
Penumbra Overture,2009-03-06,Horror;Adventure;First-Person,43,0.0
Zeno Clash,2009-04-21,Action;Indie;Surreal,307,6.99
Rock of Ages,2011-09-07,Comedy;Indie;Strategy,231,6.99
Fallout 3,2008-10-28,Open World;Post-apocalyptic;RPG,617,7.99
Rogue Warrior,2009-12-01,Action;FPS;Comedy,29,3.99
The Elder Scrolls III: Morrowind® Game of the Year Edition,2009-06-16,RPG;Open World;Fantasy,1183,12.99
The Elder Scrolls IV: Oblivion® Game of the Year Edition,2009-06-16,Open World;RPG;Fantasy,630,12.99
BRINK,2011-05-09,FPS;Action;Multiplayer,99,0.0
Fallout 3: Game of the Year Edition,2009-12-17,Open World;RPG;Post-apocalyptic,1076,14.99
Fallout: New Vegas,2010-10-21,Open World;RPG;Post-apocalyptic,1431,7.99
Hunted: The Demon’s Forge™,2011-06-02,Action;Adventure;Third Person,28,3.99
Spectromancer,2009-02-11,Strategy;Card Game,0,5.99
Worms Reloaded,2010-08-26,Strategy;2D;Turn-Based,420,14.99
Alien Breed: Impact,2010-06-03,Action;Shooter;Sci-fi,7,6.99
Alien Breed 2: Assault,2010-09-22,Action;Shooter;Isometric,96,6.99
Alien Breed 3: Descent,2010-11-17,Action;Shooter;Third Person,1,6.99
Fluttabyes,2010-04-20,Indie;Casual,0,1.59
Yosumin!™,2009-05-26,Casual;Puzzle,0,3.99
Gyromancer,2009-11-18,RPG;Puzzle;Match 3,73,3.99
Imperium Romanum Gold Edition,2008-11-25,Strategy;Simulation;City Builder,102,7.99
Europa Universalis: Rome - Gold Edition,2008-12-18,Strategy;Grand Strategy;Historical,4975,7.99
Grand Ages: Rome,2009-03-05,Strategy;City Builder;Simulation,319,6.99
Ceville,2009-02-27,Adventure;Point & Click;Strategy,0,4.79
Tropico 3,2009-11-13,Simulation;Strategy;City Builder,425,7.99
Puzzle Quest: Galactrix,2009-02-24,RPG;Casual;Match 3,0,6.99
Earth Defense Force: Insect Armageddon,2011-12-14,Action;Third-Person Shooter;Co-op,380,6.99
Depths of Peril,2010-11-23,Strategy;RPG;Indie,0,6.99
Puzzle Kingdoms,2009-04-27,Casual;Puzzle;Match 3,175,10.99
Train Simulator 2019,2015-09-17,Simulation;Trains;Singleplayer,385,34.99
DC Universe™ Online,2011-11-02,Free to Play;Superhero;Massively Multiplayer,3851,0.0
PAYDAY™ The Heist,2011-10-20,FPS;Action;Co-op,248,10.99
King Arthur - The Role-playing Wargame,2009-11-24,Strategy;RPG;Fantasy,6,7.99
Crusaders: Thy Kingdom Come,2009-10-08,Strategy;Medieval;Historical,0,6.99
Aquaria,2008-12-15,Metroidvania;Indie;Female Protagonist,64,6.99
King Arthur: Fallen Champions,2011-09-16,Strategy;RPG;Fantasy,13,3.99
King Arthur II: The Role-Playing Wargame,2012-01-27,Strategy;RPG;RTS,46,7.99
Trainz: Classic Cabon City,2010-09-01,Simulation;Trains,0,14.99
Trainz Settle and Carlisle,2010-10-01,Simulation;Trains,0,14.99
Trainz™ Simulator 12,2011-06-08,Simulation;Trains;Multiplayer,31,7.19
SPORE™ Galactic Adventures,2009-06-26,Simulation;Action;Space,2286,9.99
Burnout Paradise: The Ultimate Box,2009-03-12,Racing;Open World;Multiplayer,576,9.99
SimCity™ 4 Deluxe Edition,2010-07-20,Simulation;City Builder;Strategy,289,9.99
Command & Conquer 3: Tiberium Wars,2009-11-13,Strategy;RTS;Base-Building,693,9.99
Command & Conquer: Red Alert 3 - Uprising,2009-10-06,Strategy;RTS;Base-Building,205,9.99
Command & Conquer 3: Kane's Wrath,2009-11-13,Strategy;RTS;Base-Building,0,9.99
Medal of Honor: Airborne,2009-10-06,Action;World War II;FPS,28,9.99
Need for Speed: Shift,2009-10-06,Racing;Simulation;Multiplayer,456,9.99
Battlefield: Bad Company™ 2,2010-03-02,FPS;Multiplayer;Action,671,14.99
Mass Effect 2,2010-01-28,RPG;Sci-fi;Story Rich,736,19.99
Overgrowth,2017-10-16,Parkour;Action;Indie,1365,22.99
Lugaru HD,2010-10-08,Action;Indie;Martial Arts,13,7.99
Cricket Revolution,2009-10-28,Sports;Simulation;Indie,0,1.99
Eschalon: Book I,2009-02-10,RPG;Indie;Isometric,0,0.0
Eschalon: Book II,2010-07-12,RPG;Indie;Isometric,0,4.79
Madballs in Babo:Invasion,2009-09-17,Indie;Action;Shooter,54,3.99
Europa Universalis III Complete,2009-02-04,Strategy;Grand Strategy;Historical,1065,9.99
Knights of Honor,2009-02-04,Strategy;Medieval;Grand Strategy,35,7.49
Elven Legacy,2009-04-07,Strategy;RPG;Turn-Based Strategy,27,3.99
Hearts of Iron III,2009-08-07,Grand Strategy;World War II;Strategy,1364,7.99
King's Bounty: The Legend,2009-05-01,RPG;Strategy;Turn-Based Strategy,368,4.99
Supreme Ruler 2020 Gold,2009-07-09,Strategy;Simulation;Grand Strategy,400,6.99
East India Company,2009-07-31,Strategy;Economy;Historical,0,7.99
Majesty 2,2009-09-17,Strategy;Simulation;Fantasy,0,7.99
Majesty Gold HD,2009-09-04,Strategy;Simulation;Fantasy,72,7.99
The Maw,2009-03-09,Indie;Platformer;Cute,14,8.99
Drug Wars,2009-03-17,Action;Indie,0,3.99
Braid,2009-04-10,Puzzle;Platformer;Indie,251,10.99
Crayon Physics Deluxe,2009-05-06,Indie;Casual;Puzzle,26,15.99
The Path,2009-03-18,Walking Simulator;Indie;Horror,64,6.99
The Graveyard,2009-03-09,Walking Simulator;Indie;Short,0,3.99
Fatale,2009-11-04,Indie;Adventure;Casual,0,4.99
Summer Athletics,2009-04-02,Sports,0,15.99
Blacklight: Tango Down,2010-07-14,Action;FPS;Multiplayer,193,0.79
Dangerous High School Girls in Trouble!™,2009-02-23,Indie;RPG;Casual,105,14.99
Mevo and The Grooveriders,2009-03-20,Indie;Casual;Music,0,5.99
Space Giraffe,2009-03-19,Indie;Psychedelic;Arcade,0,6.99
Gridrunner Revolution,2010-02-22,Arcade;Indie;Psychedelic,9,5.99
Twin Sector,2009-09-16,Action;Adventure;Puzzle,0,3.99
Booster Trooper,2010-04-23,Action;Indie;Platformer,10,1.69
Dead Horde,2011-07-27,Action;Zombies;Indie,82,4.79
Kane & Lynch 2: Dog Days,2010-08-17,Action;Co-op;Third-Person Shooter,301,7.99
Yumsters 2: Around the World,2009-11-12,Casual;Indie,0,3.99
Musaic Box,2009-03-19,Indie;Casual;Puzzle,0,3.99
Blueberry Garden,2009-06-01,Adventure;Indie;Short,9,3.99
Osmos,2009-08-18,Indie;Casual;Puzzle,27,6.99
Caster,2009-03-19,Action;Indie;Adventure,160,0.99
Dark Sector,2009-03-24,Action;Third-Person Shooter;Singleplayer,0,6.99
Puzzle Agent,2010-07-01,Puzzle;Adventure;Point & Click,110,3.99
Tunnel Rats,2009-05-15,Action;FPS,0,15.99
Nancy Drew®: Danger by Design,2009-10-10,Adventure;Point & Click;Female Protagonist,0,5.19
Nancy Drew®: Last Train to Blue Moon Canyon,2009-10-10,Adventure;Point & Click;Mystery,0,5.19
Nancy Drew®: The Haunted Carousel,2009-10-10,Adventure;Point & Click;Mystery,0,5.19
Nancy Drew®: Curse of Blackmoor Manor,2009-10-10,Adventure;Point & Click;Mystery,0,5.19
Nancy Drew®: Danger on Deception Island,2009-10-10,Adventure;Point & Click;Mystery,0,5.19
Nancy Drew®: Ghost Dogs of Moon Lake,2009-10-10,Adventure;Point & Click;Mystery,0,5.19
Nancy Drew®: Legend of the Crystal Skull,2009-07-17,Adventure;Point & Click;Mystery,0,5.19
"Nancy Drew® Dossier: Lights, Camera, Curses!",2009-07-17,Adventure;Casual;Female Protagonist,0,5.19
Nancy Drew®: Secret of the Old Clock,2009-10-10,Adventure;Point & Click;Mystery,0,5.19
Nancy Drew®: Secret of the Scarlet Hand,2009-10-10,Action;Point & Click;Puzzle,0,5.19
Nancy Drew®: The Creature of Kapu Cave,2009-07-17,Adventure;Point & Click;Female Protagonist,0,5.19
Nancy Drew®: The Haunting of Castle Malloy,2009-07-17,Adventure;Point & Click;Puzzle,0,5.19
Nancy Drew®: The Phantom of Venice,2009-07-17,Adventure;Point & Click;Puzzle,0,5.19
Nancy Drew®: The White Wolf of Icicle Creek,2009-07-17,Adventure;Point & Click;Mystery,0,5.19
Nancy Drew®: Ransom of the Seven Ships,2009-07-21,Adventure;Point & Click;Puzzle,0,5.19
Raycatcher,2009-04-17,Indie;Casual,0,3.99
LUXOR: Mah Jong,2009-07-13,Casual;Puzzle;Singleplayer,0,5.99
Chainz 2: Relinked,2009-07-13,Casual;Puzzle;Match 3,0,6.99
Midnight Mysteries,2009-09-28,Adventure;Casual;Hidden Object,0,5.99
Everyday Genius: SquareLogic,2009-10-21,Casual;Puzzle;Indie,0,3.99
Zombie Bowl-o-Rama,2009-10-15,Bowling;Zombies;Casual,0,6.99
Metal Drift,2009-10-22,Action;Indie;Racing,173,6.99
Indiana Jones® and the Last Crusade™,2009-07-08,Adventure;Point & Click;Classic,194,4.79
LEGO® Indiana Jones™: The Original Adventures,2009-07-08,Adventure;Action;LEGO,0,15.49
LOOM™,2009-07-08,Adventure;Point & Click;Classic,28,4.79
STAR WARS™ Starfighter™,2009-07-08,Action;Simulation;Star Wars,8,4.79
The Secret of Monkey Island: Special Edition,2009-07-15,Point & Click;Adventure;Comedy,94,7.19
STAR WARS™ - Knights of the Old Republic™,2009-09-05,RPG;Star Wars;Sci-fi,400,7.19
STAR WARS™ Jedi Knight: Dark Forces II,2009-09-16,Action;Star Wars;FPS,221,4.79
STAR WARS™ Jedi Knight - Mysteries of the Sith™,2009-09-16,Action;Star Wars;FPS,30,2.09
STAR WARS™ - Dark Forces,2009-09-16,FPS;Star Wars;Action,101,4.79
Lucidity™,2009-10-07,Casual;Platformer;Puzzle,0,4.79
STAR WARS™: The Clone Wars - Republic Heroes™,2009-10-06,Action;Star Wars;Singleplayer,2,15.49
STAR WARS™ - The Force Unleashed™ Ultimate Sith Edition,2009-12-15,Action;Star Wars;Third Person,175,15.49
LEGO® Star Wars™ - The Complete Saga,2009-11-12,LEGO;Star Wars;Adventure,266,15.49
LEGO® Indiana Jones™ 2: The Adventure Continues,2010-02-18,Adventure;LEGO;Action,0,15.49
Monkey Island™ 2 Special Edition: LeChuck’s Revenge™,2010-07-07,Adventure;Point & Click;Comedy,0,7.19
STAR WARS™ Empire at War - Gold Pack,2010-05-25,Strategy;Star Wars;RTS,219,15.49
STAR WARS™: The Force Unleashed™ II,2010-11-23,Action;Star Wars;Sci-fi,365,15.49
LEGO® Star Wars™ III - The Clone Wars™,2011-03-22,LEGO;Star Wars;Action,294,15.49
Delta Force Xtreme 2,2009-06-18,Action;FPS,0,14.99
Delta Force,2009-06-18,Action;FPS;Military,0,3.99
Delta Force 2,2009-06-18,Action;FPS;Classic,0,3.99
Delta Force Land Warrior,2009-06-18,Action;FPS;Tactical,0,6.99
Delta Force: Task Force Dagger,2009-06-18,Action;FPS,0,6.99
Delta Force: Xtreme,2009-06-18,Action;FPS,0,14.99
Delta Force: Black Hawk Down,2009-06-18,Action;FPS;Military,0,0.0
Delta Force — Black Hawk Down: Team Sabre,2009-06-18,Action;FPS,0,0.0
Armored Fist 3,2009-06-18,Simulation;Tanks,0,6.99
F-16 Multirole Fighter,2009-06-18,Simulation;Flight,0,6.99
F-22 Lightning 3,2009-06-18,Simulation;Flight,0,6.99
MiG-29 Fulcrum,2009-06-01,Simulation;Flight,0,6.99
Comanche 4,2009-06-18,Action;Simulation;Flight,0,6.99
Tachyon: The Fringe,2009-06-18,Simulation;Space;Space Sim,0,6.99
Joint Operations: Combined Arms Gold,2009-09-29,Action;Multiplayer;FPS,0,14.99
Restaurant Empire II,2009-05-27,Simulation;Management;Casual,0,13.99
Alien Shooter,2009-05-27,Action;Shooter;Indie,0,3.99
Alien Shooter: Revisited,2009-05-27,Action;RPG;Indie,0,3.99
Alien Shooter 2: Reloaded,2009-05-27,Action;Indie;RPG,169,3.99
Zombie Shooter,2009-05-27,Action;Zombies;RPG,137,3.99
Zombie Shooter 2,2009-11-18,Action;Zombies;RPG,247,7.19
Assassin's Creed 2 Deluxe Edition,2010-03-04,Action;Open World;Adventure,1323,8.59
Prince of Persia: The Forgotten Sands™,2010-06-10,Action;Adventure;Platformer,328,8.59
Zeit²,2011-01-12,Action;Indie;Shoot 'Em Up,0,8.59
From Dust,2011-08-17,God Game;Simulation;Adventure,399,8.59
Tropico Reloaded,2009-07-24,Simulation;City Builder;Strategy,0,5.99
Patrician III,2010-11-18,Strategy;Simulation;Trading,149,3.99
Broken Sword 2 - the Smoking Mirror: Remastered,2009-12-02,Point & Click;Adventure;Mystery,1428,4.99
Broken Sword 3 - the Sleeping Dragon,2009-12-02,Adventure;Mystery;Point & Click,9,4.99
Crash Time 3,2009-11-25,Racing;Action;Open World,0,3.99
Puzzler World,2010-05-28,Casual;Puzzle;Singleplayer,0,4.99
Ziro,2010-05-28,Casual;Indie;Puzzle,0,4.99
Disciples III - Renaissance Steam Special Edition,2010-07-13,Strategy;RPG;Turn-Based,2486,9.99
eversion,2010-06-07,Platformer;Indie;Horror,466,3.99
The Search for Amelia Earhart,2010-02-22,Casual;Hidden Object,0,4.99
Drakensang: The River of Time,2011-02-16,RPG;Fantasy;Singleplayer,0,14.99
Elizabeth Find M.D. - Diagnosis Mystery - Season 2,2011-06-09,Casual;Hidden Object,0,14.99
Arma 2,2009-06-29,Simulation;Military;Action,1263,7.99
Arma 2: Operation Arrowhead,2010-06-29,Simulation;Action;Military,1120,11.99
Fish Fillets 2,2010-11-05,Casual;Indie;Puzzle,0,3.99
Pound of Ground,2010-11-05,Action;Zombies;Third-Person Shooter,0,8.99
Alternativa,2010-11-05,Adventure;Point & Click;Sci-fi,0,9.99
Alpha Protocol™,2010-05-27,RPG;Stealth;Action,214,9.99
Total War: NAPOLEON – Definitive Edition,2010-02-25,Strategy;Historical;Grand Strategy,1534,0.0
Sonic & SEGA All-Stars Racing,2010-03-03,Racing;Local Multiplayer;Arcade,859,4.99
Death to Spies: Moment of Truth,2009-08-07,Stealth;Action;Third Person,2,4.99
XIII Century – Gold Edition,2009-08-28,Strategy;Medieval;RTS,0,3.99
Light of Altair,2009-06-04,Strategy;Indie;Simulation,0,11.99
Order of War™,2009-09-17,Strategy;World War II;RTS,589,5.99
Massive Assault,2009-11-04,Strategy;Turn-Based;Turn-Based Strategy,0,6.99
Massive Assault: Phantom Renaissance,2009-11-04,Strategy;Turn-Based,0,6.99
Chronicles of Mystery: The Scorpio Ritual,2009-06-18,Adventure;Point & Click;Female Protagonist,0,3.99
Project Freedom,2009-10-14,Action;Simulation;Space,0,2.99
Combat Wings: Battle of Britain,2009-10-14,Simulation;Flight;World War II,25,4.99
Sniper: Ghost Warrior,2010-06-24,Action;Sniper;FPS,123,5.99
Sniper: Ghost Warrior 2,2013-03-11,Sniper;Action;FPS,228,6.99
Bad Rats: the Rats' Revenge,2009-07-20,Cult Classic;Physics;Indie,276,0.79
Razor2: Hidden Skies,2010-07-19,Action;Indie;Casual,28,6.99
Mini Ninjas,2009-09-14,Adventure;Action;Ninja,53,7.99
Flora's Fruit Farm,2009-10-01,Casual;Agriculture,0,2.99
Lara Croft and the Guardian of Light,2010-09-28,Action;Adventure;Co-op,57,7.99
Batman: Arkham Asylum Game of the Year Edition,2010-03-26,Action;Batman;Stealth,545,14.99
Warfare,2009-07-20,Strategy;RTS;Military,0,9.99
Clutch,2009-07-20,Racing;Action;Zombies,0,6.99
Insane 2,2012-01-24,Racing;Offroad;Action,0,10.99
Red Orchestra 2: Heroes of Stalingrad with Rising Storm,2011-09-13,Realistic;World War II;FPS,269,14.99
The Ball,2010-10-26,Puzzle;Action;Indie,14,6.99
Dwarfs!?,2011-05-04,Strategy;Casual;Indie,57,7.99
Big Brain Wolf,2009-11-05,Adventure;Casual;Strategy,0,3.99
Trine Enchanted Edition,2009-07-02,Platformer;Fantasy;Puzzle,304,9.99
Trine 2: Complete Story,2013-06-06,Platformer;Adventure;Puzzle,319,13.99
BRAINPIPE: A Plunge to Unhumanity,2009-07-06,Casual;Indie;Psychedelic,0,0.0
Foreign Legion: Buckets of Blood,2009-08-04,Action;Indie;Third Person,160,3.99
Tradewinds Classics,2009-07-17,Casual;Adventure,0,3.99
Tradewinds Caravans + Odyssey Pack,2009-07-17,Casual,0,10.99
Cake Mania Collection,2009-07-17,Casual;Time Management,0,10.99
Monster Mash,2009-07-17,Casual;Tower Defense,0,3.49
Kuros,2009-09-21,Casual;Hidden Object,0,4.99
Cake Mania Main Street™,2010-02-16,Casual;Time Management,0,4.99
Westward® IV: All Aboard,2010-02-16,Strategy;Casual,0,4.99
Iron Roses,2010-02-16,Adventure;Casual,0,4.99
Angle of Attack,2009-08-17,Simulation;Action,0,6.99
All Aspect Warfare,2009-08-17,Action;Simulation,0,6.99
The Void,2009-12-15,Surreal;Nudity;Adventure,34,6.99
Ninja Blade,2009-11-19,Action;Hack and Slash;Ninja,0,6.99
UFO: Extraterrestrials Gold,2010-02-17,Strategy;Turn-Based;Tactical,0,9.99
Aztaka,2009-11-05,RPG;Action;Indie,0,3.99
Chocolatier®: Decadence by Design™,2009-08-12,Simulation;Casual,0,7.49
Cooking Dash®,2009-08-12,Simulation;Time Management;Casual,0,7.49
Diaper Dash®,2009-08-12,Simulation,0,7.49
Diner Dash:® Hometown Hero™,2009-08-12,Time Management;Casual,0,7.49
Emerald City Confidential™,2009-08-12,Adventure;Point & Click;Noir,38,7.49
Wandering Willows™,2009-08-12,Casual;Adventure;Cute,0,10.99
Wedding Dash® 2: Rings Around the World,2009-08-12,Time Management,0,7.49
DinerTown Tycoon,2009-09-30,Casual;Management,0,6.99
DinerTown Detective Agency™,2010-05-06,Hidden Object,0,4.99
The Nightshift Code™,2010-05-06,Hidden Object,0,4.99
Nightshift Legacy: The Jaguar's Eye™,2010-05-06,Hidden Object,0,4.99
Fitness Dash™,2010-05-06,Casual;Time Management,0,4.99
TriJinx: A Kristine Kross Mystery™,2010-05-06,Casual,0,4.99
Valerie Porter and the Scarlet Scandal™,2010-05-06,Hidden Object,0,4.99
Gemini Lost™,2010-05-06,Casual,0,4.99
"Time Gentlemen, Please! and Ben There, Dan That! Special Edition  Double Pack",2009-08-25,Point & Click;Adventure;Indie,10,2.99
Magnetis,2009-11-05,Indie;Casual;Puzzle,49,1.49
Windosill,2009-09-25,Casual;Point & Click;Indie,31,1.99
Darkest of Days,2010-03-01,Action;FPS;Time Travel,0,14.99
Quantz,2009-09-03,Indie;Casual;Puzzle,5,7.99
Jewel Quest Pack,2009-08-24,Casual;Puzzle;Match 3,0,14.99
Mahjong Quest Collection,2009-08-24,Casual;Puzzle,0,6.99
Coconut Queen,2009-12-17,Casual;Simulation,0,6.99
Build-A-Lot,2009-12-17,Simulation;Building,0,6.99
Build-A-Lot 2: Town of the Year,2009-12-17,Simulation,0,6.99
Build-A-Lot 3: Passport to Europe,2009-12-17,Simulation;Building,0,6.99
Build-A-Lot 4: Power Source,2009-12-17,Simulation,0,6.99
Farm Frenzy,2010-02-15,Casual;Agriculture,0,3.99
Farm Frenzy 2,2010-02-15,Casual;Agriculture;Time Management,0,3.99
Farm Frenzy: Pizza Party,2010-02-15,Casual;Agriculture,0,3.99
Farm Frenzy 3,2010-02-15,Casual;Puzzle;Agriculture,0,6.99
Farm Frenzy 3: American Pie,2010-02-15,Casual;Agriculture,0,6.99
Cradle of Rome,2010-02-20,Casual;Match 3,0,6.99
Cradle of Persia,2010-02-20,Casual;Match 3,0,6.99
Romance of Rome,2010-02-20,Casual;Hidden Object,0,6.99
Roogoo,2009-12-17,Casual;Puzzle;Masterpiece,4,0.79
Hotel Giant 2,2010-01-27,Simulation;Management,0,5.59
Fallout: A Post Nuclear Role Playing Game,2015-11-01,RPG;Post-apocalyptic;Classic,49,7.99
Fallout 2: A Post Nuclear Role Playing Game,2009-08-19,RPG;Post-apocalyptic;Classic,77,7.99
Fallout Tactics: Brotherhood of Steel,2009-08-19,Post-apocalyptic;Strategy;RPG,14,7.99
Kingpin — Life of Crime,2009-08-19,Action;FPS;Classic,0,6.99
MDK,2009-09-17,Action;Classic;Third-Person Shooter,0,6.99
MDK 2,2009-09-17,Action;Classic;Third Person,0,6.99
Earthworm Jim 2,2009-11-04,Adventure;Action;Classic,0,14.99
Faerie Solitaire,2010-09-17,Card Game;Casual;Indie,262,6.99
Toki Tori,2010-01-28,Puzzle;Indie;Casual,108,3.99
RUSH,2010-12-03,Puzzle;Indie;Casual,56,3.99
EDGE,2011-08-11,Puzzle;Indie;Action,43,4.99
Moonbase Alpha,2010-07-06,Space;Simulation;Free to Play,46,0.0
SEASON OF MYSTERY: The Cherry Blossom Murders,2010-02-03,Casual;Hidden Object;Adventure,0,2.99
RIFT,2011-03-01,Free to Play;MMORPG;Massively Multiplayer,1997,0.0
FINAL FANTASY VII,2013-07-04,JRPG;RPG;Classic,2805,9.99
FINAL FANTASY VIII,2013-12-05,JRPG;RPG;Classic,2470,9.99
Dungeon Siege,2011-04-05,RPG;Fantasy;Action RPG,347,4.99
Dungeon Siege II,2005-08-16,RPG;Fantasy;Action RPG,1502,4.99
FINAL FANTASY XIV Online,2014-02-18,MMORPG;Massively Multiplayer;RPG,9324,9.99
Gothic® 3,2009-12-02,RPG;Open World;Fantasy,1652,8.99
Gothic II: Gold Edition,2010-01-13,RPG;Classic;Open World,132,8.99
The Guild Gold Edition,2014-09-09,Strategy;Simulation;Economy,39,8.99
SpellForce - Platinum Edition,2009-11-03,RPG;Strategy;Action,2886,8.99
Painkiller: Resurrection,2009-10-27,Action;FPS,0,8.99
AquaNox,2010-04-20,Action;Underwater;Sci-fi,0,4.49
AquaNox 2: Revelation,2010-04-20,Action;Underwater;Cyberpunk,0,4.49
The Guild II,2010-06-24,Simulation;Strategy;Medieval,1018,8.99
The Guild II - Pirates of the European Seas,2010-06-24,Simulation;Strategy;Medieval,0,8.99
Chaser,2010-07-16,Action;FPS;Sci-fi,0,4.49
The Guild II Renaissance,2010-07-28,Simulation;Strategy;Economy,1590,8.99
ArcaniA,2010-10-11,RPG;Open World;Singleplayer,571,17.99
Nation Red,2009-09-03,Zombies;Action;Indie,222,1.79
Coniclysm,2010-03-26,Action,0,3.99
Supreme Commander 2,2010-03-01,Strategy;RTS;Sci-fi,2894,8.99
ItzaBitza,2009-10-01,Family Friendly,0,6.99
ItzaZoo,2009-12-09,Family Friendly,0,6.99
Risen,2009-10-02,RPG;Open World;Gothic,650,7.99
Rush for Berlin Gold,2009-10-29,Strategy;RTS;World War II,0,3.99
Secret Files: Tunguska,2009-10-29,Adventure;Point & Click;Female Protagonist,0,7.99
Secret Files 2: Puritas Cordis,2009-10-29,Adventure;Point & Click;Female Protagonist,0,7.99
Lost Horizon,2010-09-24,Adventure;Point & Click,34,7.99
nail'd,2010-11-30,Racing;Offroad;Action,210,3.99
Risen 2: Dark Waters,2012-04-26,RPG;Pirates;Open World,1257,7.99
AI War: Fleet Command,2009-10-21,Strategy;RTS;Space,338,6.99
Tidalis,2010-07-16,Casual;Indie;Puzzle,0,3.99
Sacraboar,2009-11-06,Strategy;Action;Indie,0,2.09
Machinarium,2009-10-16,Point & Click;Adventure;Puzzle,241,7.99
Samorost 2,2009-12-10,Adventure;Point & Click;Indie,53,3.99
The Misadventures of P.B. Winterbottom,2010-04-20,Indie;Puzzle;Platformer,19,3.99
Stronghold HD,2013-10-21,Strategy;Medieval;Base-Building,665,3.49
Stronghold Crusader HD,2013-10-21,Strategy;Medieval;RTS,183,7.49
Stronghold Legends: Steam Edition,2016-09-15,Strategy;Simulation;Medieval,519,11.99
Mafia,2002-08-28,Action;Adventure;Classic,32,7.99
Serious Sam HD: The First Encounter,2009-11-24,FPS;Action;Co-op,271,10.99
Serious Sam 3: BFE,2011-11-22,FPS;Action;Co-op,215,29.99
Hammerfight,2009-10-28,Action;Indie;Physics,254,3.99
Altitude,2009-12-04,Free to Play;Action;Indie,657,0.0
Doom Rails,2009-11-04,Action;Indie,0,1.99
Torchlight,2009-10-27,RPG;Action RPG;Hack and Slash,1144,10.99
Earthworm Jim 3D,2009-11-04,Adventure;Action;Platformer,0,14.99
Tommy Tronic,2010-10-28,Action;Adventure;Indie,0,6.99
Death and the Fly,2011-05-23,Indie,0,6.99
S.T.A.L.K.E.R.: Call of Pripyat,2010-02-11,Open World;Atmospheric;Post-apocalyptic,3186,12.99
Cargo! The Quest for Gravity,2011-04-21,Adventure;Action;Physics,540,6.99
Gratuitous Space Battles,2009-11-16,Strategy;Simulation;Indie,333,10.99
The Bard's Tale,2009-12-11,RPG;Adventure;Comedy,77,6.99
Trino,2011-01-27,Indie;Casual,0,3.49
Lead and Gold: Gangs of the Wild West,2010-04-08,Western;Action;Multiplayer,128,7.99
Hamilton's Great Adventure,2011-05-31,Adventure;Indie;Casual,184,6.99
Krater,2012-06-12,RPG;Indie;Adventure,369,10.99
Nancy Drew®: Secrets Can Kill REMASTERED,2011-07-25,Adventure;Point & Click;Mystery,0,5.19
Nancy Drew®: The Captive Curse,2011-07-25,Adventure;Point & Click;Mystery,0,5.19
Nancy Drew®: Trail of the Twister,2011-07-25,Adventure;Point & Click;Female Protagonist,0,4.99
DogFighter,2010-06-14,Action;Indie;Arcade,63,1.99
Singularity™,2010-06-30,FPS;Action;Sci-fi,148,14.99
Call of Duty®: Black Ops,2010-11-08,Action;FPS;Zombies,517,29.99
For The Glory: A Europa Universalis Game,2009-11-11,Strategy;Grand Strategy;Historical,44,7.99
Arsenal of Democracy: A Hearts of Iron Game,2010-02-23,Strategy;Grand Strategy;World War II,0,7.99
Sword of the Stars: Complete Collection,2010-06-04,Strategy;4X;Space,0,7.99
Magicka,2011-01-25,Comedy;Action;Co-op,369,7.99
The Kings' Crusade,2010-10-08,Strategy;Medieval,0,7.99
Elven Legacy: Magic,2009-12-03,Strategy,0,1.59
Elven Legacy: Siege,2009-11-17,Strategy,0,1.59
Elven Legacy: Ranger,2009-10-20,Strategy,0,1.59
Victoria II,2010-08-30,Grand Strategy;Strategy;Historical,4888,14.99
Victoria I Complete,2010-08-20,Strategy;Grand Strategy;Real-Time with Pause,17,7.99
Sword of the Stars II: Enhanced Edition,2012-11-30,Strategy;4X;Space,74,14.99
Front Mission Evolved,2010-10-07,Mechs;Action;Shooter,312,7.99
World of Zoo,2009-10-30,Simulation;Family Friendly;Singleplayer,115,4.99
The Haunted: Hells Reach,2011-10-24,Action;Indie;Co-op,333,5.99
M.U.D. TV,2010-04-19,Simulation;Strategy;Management,0,7.99
Nancy Drew®: Warnings at Waverly Academy,2010-01-13,Adventure;Point & Click;Mystery,0,5.19
Super Laser  Racer,2010-02-18,Racing;Indie;Action,0,2.99
GRID 2,2013-05-27,Racing;Sports;Multiplayer,243,19.98
F1 2011,2011-09-19,Racing;Simulation;Sports,3,9.99
GTR - FIA GT Racing Game,2012-09-25,Racing;Sports;Simulation,0,3.99
RACE Injection,2011-11-18,Racing;Simulation,1,8.99
GT Legends,2012-11-28,Racing;Simulation;Sports,0,4.99
Sol Survivor,2010-03-15,Tower Defense;Strategy;Indie,0,7.19
Secret of the Magic Crystals,2010-02-03,Casual;Horses;Indie,176,3.99
Wings of Prey,2010-01-08,Simulation;Flight;World War II,1154,6.99
Fortix,2010-04-14,Indie;Casual;Fantasy,287,0.99
Ignite,2011-10-28,Racing,0,6.99
Land It!,2016-08-01,Casual;Indie;Simulation,0,6.99
Fortix 2,2011-05-06,Indie;Casual;Puzzle,487,1.59
Devil May Cry 4,2009-12-22,Action;Hack and Slash;Character Action Game,946,15.99
Dark Void™,2010-01-22,Action;Adventure;Third-Person Shooter,143,6.49
Lost Planet: Extreme Condition Colonies Edition,2010-02-11,Action;Adventure;Third-Person Shooter,109,12.99
Dark Void™ Zero,2010-04-12,Action;Adventure;Platformer,0,2.99
Dead Rising® 2,2010-09-27,Zombies;Action;Open World,993,14.99
Lost Planet® 2,2010-10-15,Action;Co-op;Third-Person Shooter,879,12.99
Ultra Street Fighter® IV,2014-08-07,Fighting;Arcade;Competitive,1056,22.99
Dead Rising 2: Off the Record,2011-10-11,Action;Zombies;Open World,621,14.99
Bob Came in Pieces,2010-01-22,Indie;Adventure;Puzzle,0,3.99
A.I.M. Racing,2010-01-22,Racing;Action,0,0.0
NecroVisioN: Lost Company,2010-02-19,Action;FPS;World War I,0,4.99
Star Wolves 3: Civil War,2010-03-02,Strategy;RPG;Space,422,3.99
Star Wolves,2010-03-02,RPG;Strategy;Space,0,2.79
Star Wolves 2,2010-03-02,Strategy;RPG;Space,0,2.79
Theatre of War,2010-07-09,Strategy;World War II;RTS,0,2.79
Theatre of War 2: Africa 1943,2010-07-09,Strategy;Simulation;World War II,0,3.99
Real Warfare 1242,2011-11-30,Strategy;RTS;Medieval,0,2.79
Theatre of War 2: Kursk 1943,2010-07-09,Strategy;Simulation;World War II,0,3.99
Rig n Roll,2010-07-09,Simulation;Driving;Singleplayer,0,3.99
Reign: Conflict of Nations,2010-07-12,Strategy;Medieval,0,2.79
Greed: Black Border,2010-01-13,Action;RPG;Sci-fi,28,3.99
Avencast: Rise of the Mage,2010-03-17,RPG;Action;Action RPG,56,6.99
Future Wars,2010-07-15,Strategy;Turn-Based;Turn-Based Strategy,3,3.99
Grotesque Tactics: Evil Heroes,2010-10-15,RPG;Strategy;Indie,20,6.99
Still Life,2011-06-01,Adventure;Point & Click;Mystery,13,5.59
Still Life 2,2011-06-01,Adventure;Point & Click;Female Protagonist,0,5.59
Syberia,2011-05-19,Adventure;Point & Click;Puzzle,387,9.99
Syberia II,2011-05-19,Adventure;Point & Click;Puzzle,227,9.99
Wasteland Angel,2011-09-01,Action;Indie;Post-apocalyptic,101,6.99
Trapped Dead,2011-07-15,Zombies;Strategy;Action,157,3.99
Post Mortem,2011-08-26,Adventure;Point & Click;Mystery,0,5.59
Grotesque Tactics 2 – Dungeons and Donuts,2011-11-21,RPG;Strategy;Adventure,105,6.99
Swarm Arena,2010-08-19,Indie;Casual;Action,0,2.89
Ironclads: American Civil War,2010-04-28,Strategy;Naval,0,34.95
Ironclads: High Seas,2010-04-28,Strategy;Naval,0,34.95
Dimensity,2010-07-21,RPG;Action RPG,0,6.99
Hazen: The Dark Whispers,2010-04-28,RPG;Action RPG;Hack and Slash,0,7.99
World Basketball Manager 2010,2010-04-21,Simulation;Sports;Basketball,0,2.09
Dark Fall: Lost Souls,2010-04-21,Adventure;Indie;Horror,0,9.99
Ironclads: Schleswig War 1864,2011-06-21,Strategy;Naval,0,34.95
Making History II: The War of the World,2010-08-27,Strategy;Simulation;Grand Strategy,0,10.99
Armada 2526,2011-04-08,Strategy;Sci-fi;Space,399,10.99
Ironclads: Anglo Russian War 1866,2011-06-21,Strategy;Naval,0,34.95
Ironclads: Chincha Islands War 1866,2011-06-21,Strategy;Naval,0,34.95
Zombie Pirates,2011-04-20,Casual;Pirates;Zombies,0,10.99
Escape From Paradise,2010-07-08,Action,0,6.99
Escape From Paradise 2,2010-07-08,Action,0,6.99
Book of Legends,2010-07-08,Adventure;Hidden Object,0,6.99
Stronghold 3 Gold,2012-05-25,Strategy;City Builder;Medieval,758,0.0
Stronghold Kingdoms,2012-02-27,Strategy;Free to Play;Medieval,421,0.0
Command & Conquer 4: Tiberian Twilight,2010-03-18,Strategy;RTS;Multiplayer,267,9.99
Dragon Age™: Origins Awakening,2010-03-18,RPG;Fantasy;Multiple Endings,0,9.99
Dead Space™ 2,2011-01-27,Horror;Action;Sci-fi,272,14.99
Medal of Honor™,2010-10-12,FPS;Action;Shooter,166,14.99
RISK™: Factions,2011-03-08,Strategy;Board Game;Multiplayer,1754,7.99
Dragon Age: Origins - Ultimate Edition,2010-10-29,RPG;Fantasy;Story Rich,464,19.99
Need For Speed: Hot Pursuit,2010-12-14,Racing;Multiplayer;Open World,415,14.99
The Sims™ 3,2011-01-27,Simulation;Character Customization;Sandbox,499,24.99
Shift 2 Unleashed,2011-03-31,Racing;Simulation;Driving,0,19.99
LIMBO,2011-08-02,Indie;Platformer;Puzzle,127,6.99
Silent Hunter 5®: Battle of the Atlantic,2010-03-01,Simulation;World War II;Naval,1520,25.99
Voodoo Dice,2010-07-15,Casual;Puzzle,0,8.59
Assassin’s Creed® Brotherhood,2011-03-17,Action;Adventure;Open World,471,12.49
Anno 2070™,2011-11-17,Strategy;City Builder;Simulation,846,16.99
Mount & Blade: Warband,2010-03-31,Medieval;RPG;Open World,1884,14.99
Mount & Blade: With Fire & Sword,2011-05-03,RPG;Open World;Action,713,7.99
Ship Simulator Extremes,2010-08-27,Simulation;Realistic;Naval,0,14.99
Greed Corp,2010-12-10,Strategy;Turn-Based;Multiplayer,49,6.99
Hotel Dash™ Suite Success™,2010-05-06,Casual;Time Management,0,4.99
Commander: Conquest of the Americas,2010-07-30,Strategy;Naval;Pirates,0,7.99
Woody Two-Legs: Attack of the Zombie Pirates,2010-11-02,Casual;Pirates,0,3.99
Magic: The Gathering - Duels of the Planeswalkers 2012,2011-06-15,Card Game;Strategy;Trading Card Game,935,0.0
Borderlands 2,2012-09-20,FPS;Co-op;RPG,1139,19.99
Beat Hazard,2010-04-15,Music;Indie;Shoot 'Em Up,633,6.99
Flight of the Icarus,2010-05-12,Indie;Action;Steampunk,22,3.99
CreaVures,2011-02-23,Indie;Platformer;Puzzle,0,3.99
Plain Sight,2010-04-05,Action;Indie;Multiplayer,0,3.99
Nimbus,2010-10-25,Indie;Racing;Puzzle,1,5.99
Mafia II,2011-03-22,Action;Open World;Crime,988,19.99
Spec Ops: The Line,2012-06-28,Story Rich;Third-Person Shooter;Action,301,19.99
Burn Zombie Burn!,2010-08-12,Action;Zombies,3,6.99
Professor Fizzwizzle and the Molten Mystery,2010-04-21,Casual;Puzzle,0,4.99
Hidden Expedition: Amazon,2010-04-21,Casual;Indie;Hidden Object,0,6.99
Hidden Expedition: Everest,2010-04-21,Casual;Hidden Object,0,6.99
Hidden Expedition: Titanic,2010-04-21,Casual;Hidden Object,0,6.99
Mystery Case Files: Huntsville™,2010-04-21,Casual;Hidden Object,0,6.99
Mystery Case Files: Madame Fate®,2007-12-14,Casual;Hidden Object,0,4.99
Mystery Case Files: Prime Suspects™,2010-04-21,Casual;Hidden Object,0,4.99
Mystery Case Files: Ravenhearst®,2010-04-21,Casual;Hidden Object,0,6.99
Mystery Case Files: Return to Ravenhearst™,2010-04-21,Casual;Hidden Object;Puzzle,0,6.99
My Tribe,2010-04-21,Casual;Simulation,0,6.99
Unwell Mel,2010-04-21,Casual;Match 3,0,4.99
Atlantis Sky Patrol,2010-04-21,Casual;Indie;Match 3,0,6.99
Drawn®: The Painted Tower,2011-01-19,Adventure;Casual;Point & Click,0,6.99
Flotilla,2010-04-01,Strategy;Indie;Adventure,257,6.99
Atom Zombie Smasher,2011-03-14,Strategy;Zombies;Indie,101,6.99
Homefront,2011-03-14,Action;FPS;Multiplayer,126,14.99
Red Faction®: Armageddon™,2011-06-09,Action;Destruction;Third Person,436,14.99
MX vs. ATV Reflex,2010-11-26,Racing;Offroad;Motocross,1024,14.99
"Warhammer 40,000: Space Marine",2011-09-08,Warhammer 40K;Action;Third-Person Shooter,537,19.99
Saints Row: The Third,2011-11-17,Open World;Action;Comedy,1033,6.99
NyxQuest: Kindred Spirits,2010-09-27,Adventure;Action;Platformer,0,1.99
Puzzle Dimension,2010-06-21,Puzzle;Indie;Casual,8,1.99
Amnesia: The Dark Descent,2010-09-08,Horror;First-Person;Atmospheric,41,14.99
Patrician IV - Steam Special Edition,2010-09-17,Strategy;Trading;Resource Management,0,9.99
Broken Sword: Director's Cut,2010-09-02,Adventure;Point & Click;Classic,1177,4.99
Dungeons,2011-02-04,Strategy;RPG;Fantasy,112,6.99
The First Templar - Steam Special Edition,2011-05-12,Action;Adventure;Medieval,36,6.99
Tropico 4,2011-09-01,City Builder;Simulation;Strategy,268,12.49
Who's That Flying?!,2011-01-31,Action;Indie;Casual,25,3.99
Jagged Alliance - Back in Action,2012-02-08,Strategy;RPG;Tactical,244,14.99
Doc Clock: The Toasted Sandwich of Time,2010-10-15,Casual;Indie;Adventure,16,2.99
Duke Nukem Forever,2011-06-09,FPS;Action;Nudity,472,14.99
Jolly Rover,2010-06-07,Adventure;Indie;Point & Click,3,6.99
MacGuffin's Curse,2012-04-19,Adventure;Casual;Indie,229,6.99
Turba,2010-07-01,Casual;Indie;Music,14,3.49
Blood Bowl - Legendary Edition,2010-10-28,Strategy;Sports;Turn-Based,380,7.99
A Game of Thrones - Genesis,2011-09-28,Strategy;RTS;Fantasy,8,6.99
Runaway: A Twist of Fate,2011-04-21,Adventure;Point & Click;Mystery,0,6.99
The Next BIG Thing,2011-04-21,Adventure;Point & Click;Mystery,1,6.99
Wargame: European Escalation,2012-02-22,Strategy;RTS;Military,11,7.99
Luxor: 5th Passage,2011-01-25,Casual;Action;Adventure,0,6.99
Glowfish,2011-09-30,Casual;Adventure;Indie,0,6.99
ProtoGalaxy,2010-10-06,Action;Indie;Co-op,33,0.0
Power of Defense,2010-08-04,Strategy;Indie;Tower Defense,0,6.99
Numen: Contest of Heroes,2010-06-03,RPG;Action RPG;Mythology,0,4.99
Lucid,2011-07-19,Casual;Indie;Puzzle,127,4.99
Fractal: Make Blooms Not War,2011-11-29,Casual;Indie;Puzzle,45,4.99
Age of Wonders,2010-10-01,Strategy;RPG;Fantasy,254,3.99
Age of Wonders II: The Wizard's Throne,2010-10-01,Strategy;RPG;Turn-Based Strategy,0,6.99
Age of Wonders Shadow Magic,2010-10-01,Strategy;RPG;Turn-Based Strategy,151,6.99
Zen Bound 2,2010-11-16,Casual;Indie;Puzzle,133,3.99
Might & Magic: Clash of Heroes,2011-09-21,Strategy;Puzzle;RPG,1595,8.59
Critter Crunch,2012-09-11,Indie;Casual;Puzzle,137,4.99
Flight Control HD,2010-11-18,Casual;Action;Arcade,85,2.99
Chime,2010-09-06,Casual;Puzzle;Music,1382,3.99
HOARD,2011-04-04,Casual;Indie;Strategy,31,6.99
Alter Ego,2010-08-03,Adventure;Point & Click;Mystery,12,7.19
Monday Night Combat,2011-01-24,Action;Indie;Sports,101,3.99
Swords and Soldiers HD,2010-12-02,Strategy;Indie;Casual,227,6.99
Riven: The Sequel to MYST,2010-08-04,Adventure;Puzzle;Point & Click,0,3.99
URU: Complete Chronicles,2010-08-03,Adventure;Casual;Puzzle,0,6.99
Myst: Masterpiece Edition,2011-02-02,Adventure;Point & Click;Puzzle,0,3.99
BIT.TRIP BEAT,2010-11-02,Indie;Rhythm;Music,141,6.99
BIT.TRIP RUNNER,2011-02-28,Indie;Rhythm;Platformer,202,6.99
Delve Deeper,2010-09-24,Strategy;Indie;Adventure,241,3.99
Fantasy Wars,2010-08-06,Strategy;Fantasy;Turn-Based,0,3.99
King's Bounty: Crossworlds,2010-09-17,RPG;Strategy;Turn-Based Strategy,30,11.99
Men of War: Vietnam,2011-09-08,Strategy;RTS;Tactical,10,5.59
Theatre of War 3: Korea,2011-03-24,Strategy;Cold War;RTS,0,4.99
Men of War: Assault Squad,2011-02-24,Strategy;World War II;Tactical,365,7.19
Ride 'em Low,2013-11-04,Racing;Simulation,0,2.09
Kaptain Brawe: A Brawe New World,2011-01-20,Adventure;Point & Click;Sci-fi,0,3.99
Demolition Company Gold Edition,2011-08-04,Simulation;Destruction;Singleplayer,0,7.19
Archon Classic,2010-11-02,Strategy;Indie;Remake,16,6.99
Aura: Fate of the Ages,2010-10-04,Adventure;Point & Click;Puzzle,0,4.49
SpellForce 2: Faith in Destiny,2012-06-19,Strategy;RPG;RTS,2481,13.99
Gothic 1,2001-03-15,RPG;Open World;Atmospheric,412,0.0
Painkiller Redemption,2011-02-25,Action;FPS;Shooter,28,4.49
Gothic 3: Forsaken Gods Enhanced Edition,2011-03-22,RPG;Open World;Action,1054,8.99
ArcaniA: Fall of Setarrif,2011-10-24,RPG;Singleplayer;Adventure,5,13.99
Pat & Mat,2010-11-05,Cold War;Sexual Content;Casual,0,3.99
Take On Helicopters,2011-10-27,Simulation;Flight;Open World,4,11.99
Carrier Command: Gaea Mission,2012-09-28,Strategy;Action;Sci-fi,81,19.99
ARMA: Gold Edition,2011-07-13,Simulation;Action;Military,22,5.99
ARMA: Cold War Assault,2011-08-08,Simulation;Action;Strategy,39,3.49
Dungeon Defenders,2011-10-18,Tower Defense;RPG;Co-op,1205,9.99
The Bureau: XCOM Declassified,2013-08-22,Action;Tactical;Sci-fi,168,14.99
Sid Meier's Civilization®: Beyond Earth™,2014-10-23,Strategy;Turn-Based Strategy;Sci-fi,1552,29.99
The Polynomial - Space of the music,2010-10-15,Indie;Music;Action,5,4.99
The Darkness II,2012-02-09,FPS;Action;Gore,214,19.99
Dino D-Day,2011-04-08,Dinosaurs;Action;Multiplayer,150,6.99
Hacker Evolution,2010-09-14,Simulation;Hacking;Puzzle,214,0.79
Hacker Evolution: Untold,2010-09-14,Simulation;Indie;Hacking,265,0.79
Hacker Evolution Duality,2011-08-15,Indie;Hacking;Simulation,46,0.79
Governor of Poker 2,2010-10-11,Casual;Adventure;Simulation,387,5.79
Governor of Poker 2 - Premium Edition,2010-10-11,Casual;Simulation;Adventure,0,14.99
VVVVVV,2010-09-07,Platformer;Indie;Great Soundtrack,74,3.99
Recettear: An Item Shop's Tale,2010-09-10,Capitalism;Anime;RPG,1136,12.99
Chantelise - A Tale of Two Sisters,2011-07-29,Anime;Action;RPG,53,6.49
Diamond Dan,2010-10-08,Indie;Casual;Action,0,0.79
Worms Ultimate Mayhem,2011-09-28,Strategy;Multiplayer;Funny,1285,10.99
Worms Crazy Golf,2011-10-19,Sports;Strategy;Golf,89,6.99
Worms,2011-10-19,Strategy;Multiplayer;Turn-Based Strategy,4,4.99
Worms Blast,2011-10-19,Casual;Strategy;Puzzle,46,5.59
Worms Pinball,2011-10-19,Pinball;Casual;Arcade,13,5.59
Star Ruler,2010-09-20,Strategy;Space;Indie,5,7.19
Evochron Mercenary,2012-01-16,Space;Simulation;Indie,0,14.99
Crazy Taxi,2011-03-04,Racing;Action;Arcade,22,5.59
SEGA Bass Fishing,2011-03-04,Simulation;Sports;Fishing,8,5.59
Space Channel 5: Part 2,2011-03-04,Rhythm;Action;Female Protagonist,0,5.59
Sonic Generations Collection,2011-11-03,Platformer;Great Soundtrack;Action,169,0.0
Closure,2012-09-07,Puzzle;Platformer;Indie,100,6.99
Clones,2010-11-18,Lemmings;Indie;Adventure,220,0.79
The Elder Scrolls V: Skyrim,2011-11-10,Open World;RPG;Fantasy,3885,9.99
Winter Voices,2010-10-29,RPG;Indie;Adventure,0,0.0
Cities in Motion,2011-02-22,Simulation;Management;Strategy,1,14.99
Defenders of Ardania,2012-03-14,Tower Defense;Strategy;Fantasy,55,8.99
Darkest Hour: A Hearts of Iron Game,2011-04-08,Strategy;Grand Strategy;World War II,0,7.99
Pride of Nations,2011-06-07,Strategy;Simulation;Grand Strategy,0,14.99
Sengoku,2011-09-15,Strategy;Simulation;Grand Strategy,112,7.99
Supreme Ruler: Cold War,2011-07-29,Strategy;Cold War;Grand Strategy,0,6.99
Bejeweled® 3,2010-12-07,Casual;Puzzle;Match 3,158,4.25
APOX,2011-01-20,Strategy;Action;Indie,104,11.99
Fate of the World,2011-02-28,Strategy;Simulation;Turn-Based,123,6.99
Puzzle Bots,2010-10-22,Adventure;Indie;Puzzle,0,3.49
Gemini Rue,2011-10-26,Point & Click;Adventure;Sci-fi,97,6.99
The Blackwell Legacy,2012-01-13,Point & Click;Adventure;Indie,0,3.99
Blackwell Unbound,2012-01-13,Adventure;Point & Click;Indie,0,3.99
Blackwell Convergence,2012-01-13,Point & Click;Adventure;Indie,0,3.99
Blackwell Deception,2012-01-13,Point & Click;Adventure;Indie,263,6.99
Farming Simulator 2011,2010-10-29,Simulation;Agriculture;Multiplayer,0,7.19
Blue Toad Murder Files™: The Mysteries of Little Riddle,2010-12-03,Adventure;Casual;Puzzle,0,2.99
SkyDrift,2011-11-21,Racing;Indie;Flight,1329,6.99
Anomaly: Warzone Earth,2011-04-08,Strategy;Indie;Tower Defense,181,7.99
Iron Front: Digital War Edition,2012-05-25,Simulation;World War II;Action,155,10.99
Sanctum,2011-04-15,Tower Defense;Strategy;FPS,166,7.19
E.Y.E: Divine Cybermancy,2011-07-29,Cyberpunk;RPG;FPS,533,6.99
Cloning Clyde,2011-03-15,Casual;Indie;Platformer,0,3.99
Ancients of Ooga,2011-05-20,Indie;Casual;Platformer,0,6.99
Post Apocalyptic Mayhem,2011-03-17,Racing;Action;Post-apocalyptic,193,6.99
Hydrophobia: Prophecy,2011-05-09,Action;Adventure;Indie,180,3.99
DETOUR,2011-05-16,Strategy;Indie;Singleplayer,205,0.79
Gundemonium Recollection,2011-09-27,Bullet Hell;Shoot 'Em Up;Anime,78,2.79
Hitogata Happa,2011-09-27,Bullet Hell;Shoot 'Em Up;Indie,5,2.79
GundeadliGne,2011-09-27,Bullet Hell;Shoot 'Em Up;Anime,23,2.79
A.R.E.S.: Extinction Agenda,2011-01-19,Action;Platformer;Indie,191,3.99
B.U.T.T.O.N. (Brutally Unfair Tactics Totally OK Now),2011-02-28,Indie;Local Multiplayer,0,1.49
Xotic,2011-09-16,Action;Indie;FPS,54,7.19
Shadow Harvest: Phantom Ops,2011-04-15,Action;Stealth;Third-Person Shooter,58,6.99
SpaceChem,2011-03-02,Puzzle;Difficult;Programming,143,6.99
Agricultural Simulator 2011: Extended Edition,2011-02-23,Simulation;Agriculture,0,2.09
Revenge of the Titans,2011-03-16,Tower Defense;Strategy;Indie,158,11.39
Dinner Date,2011-03-01,Indie;Short;Casual,0,2.89
Jamestown,2011-06-08,Shoot 'Em Up;Bullet Hell;Local Co-Op,100,6.99
The Dream Machine: Chapter 1 & 2,2012-05-11,Adventure;Point & Click;Indie,68,2.79
Nidhogg,2014-01-13,Local Multiplayer;Indie;Action,184,6.99
Puzzle Agent 2,2011-06-30,Puzzle;Adventure;Point & Click,82,6.99
Hector: Badge of Carnage - Full Series,2011-04-27,Adventure;Point & Click;Casual,0,14.99
Super Splatters,2013-06-26,Indie;Casual;Action,254,6.99
Capsized,2011-04-29,Action;Platformer;Indie,153,5.99
ibb & obb,2014-05-26,Co-op;Puzzle;Local Co-Op,284,8.99
The Cat and the Coup,2011-06-15,Indie;Free to Play;Cats,12,0.0
Air Conflicts: Secret Wars,2011-07-15,Simulation;Action;Flight,20,4.79
The Tiny Bang Story,2011-04-22,Puzzle;Point & Click;Hidden Object,303,3.99
Defy Gravity Extended,2016-03-18,Platformer;Indie;Puzzle,186,0.79
Steel Storm: Burning Retribution,2011-05-11,Indie;Action;Shooter,280,11.39
Nexuiz,2012-05-10,Action;Arena Shooter;FPS,9,7.99
Slam Bolt Scrappers,2013-03-14,Action;Indie;Strategy,0,6.99
Solar 2,2011-06-17,Space;Indie;Casual,402,6.99
Section 8®: Prejudice™,2011-05-04,Action;FPS;Sci-fi,53,6.99
Kohan: Immortal Sovereigns,2011-08-24,Strategy;RTS;Fantasy,0,6.99
Kohan: Ahriman's Gift,2011-08-24,Strategy;RTS;Fantasy,0,6.99
Kohan II: Kings of War,2011-08-24,Strategy;RTS;Fantasy,0,6.99
Magic: The Gathering - Duels of the Planeswalkers 2013,2012-06-20,Card Game;Strategy;Trading Card Game,1903,6.99
Trauma,2011-08-08,Indie;Adventure;Casual,7,4.39
Frozen Synapse,2011-05-26,Strategy;Turn-Based;Tactical,227,18.99
Toy Soldiers,2012-04-27,Tower Defense;Strategy;World War I,148,4.99
Hard Reset Extended Edition,2012-07-12,FPS;Cyberpunk;Action,275,9.99
Naval Warfare,2011-05-25,Action;Indie;Steampunk,0,1.99
Demolition Inc.,2011-09-19,Strategy;Indie;Casual,155,4.79
Dungeons of Dredmor,2011-07-13,Rogue-like;Turn-Based;RPG,1302,3.49
Alien Hallway,2011-08-19,Strategy;Action;Indie,0,3.99
Dungeons and Dragons: Daggerdale,2011-06-24,RPG;Action;Fantasy,0,10.99
Yar's Revenge,2011-04-28,Action;On-Rails Shooter,0,6.99
Renegade Ops,2011-10-26,Action;Twin Stick Shooter;Top-Down,28,9.99
Garshasp: The Monster Slayer,2011-05-09,Action;Indie;Hack and Slash,0,3.99
Garshasp: Temple of the Dragon,2012-09-24,Action;Indie;Hack and Slash,0,3.99
NightSky,2011-03-01,Indie;Platformer;Casual,32,6.99
Spiral Knights,2011-06-14,Free to Play;Massively Multiplayer;RPG,64,0.0
Puzzle Pirates,2011-08-31,Free to Play;Massively Multiplayer;Puzzle,214,0.0
3DCoat 4.8,2012-10-02,Animation & Modeling,0,95.99
Runespell: Overture,2011-07-20,Card Game;RPG;Indie,127,7.99
Vertex Dispenser,2011-06-10,Strategy;Action;Indie,0,6.99
Kingdoms of Amalur: Reckoning™,2012-02-09,RPG;Fantasy;Open World,170,19.99
Orcs Must Die!,2011-10-11,Tower Defense;Action;Strategy,195,7.99
Gatling Gears,2011-08-30,Action;Adventure;Indie,21,7.99
Shank 2,2012-02-07,Action;Beat 'em up;Indie,256,7.19
Warp,2012-03-21,Action;Adventure;Indie,0,7.99
iBomber Defense,2011-05-26,Strategy;Tower Defense;Indie,112,2.99
Storm in a Teacup,2012-01-19,Indie;Casual;Platformer,0,2.99
Inside a Star-filled Sky,2011-05-14,Indie;Action;Strategy,0,4.99
BEEP,2011-05-06,Indie;Platformer;Adventure,147,1.59
ORION: Prelude,2013-04-16,Dinosaurs;Action;FPS,98,0.79
A New Beginning - Final Cut,2012-12-11,Adventure;Point & Click;Indie,186,7.99
Lume,2011-05-09,Adventure;Indie;Point & Click,8,4.79
Critical Mass,2011-06-20,Casual;Indie;Puzzle,0,1.59
Ms. Splosion Man,2013-04-03,Action;Indie;Platformer,0,6.99
Age of Empires® III: Complete Collection,2012-01-05,Strategy;RTS;Base-Building,211,29.99
Terraria,2011-05-16,Sandbox;Adventure;Survival,1840,6.99
Tobe's Vertical Adventure,2011-07-18,Indie;Action;Adventure,17,0.79
PixelJunk™ Eden,2012-02-02,Casual;Indie;Platformer,74,6.99
Bastion,2011-08-16,Great Soundtrack;Indie;Action,234,11.39
Space Pirates and Zombies,2011-08-15,Space;Action;Indie,282,6.99
Breath of Death VII,2011-07-13,RPG;Indie;JRPG,26,0.0
Cthulhu Saves the World,2011-07-13,RPG;Indie;Comedy,388,0.0
Arma 3,2013-09-12,Simulation;Military;Multiplayer,3621,29.99
Waves,2011-11-16,Indie;Twin Stick Shooter;Action,11,3.99
Starpoint Gemini,2012-02-16,RPG;Simulation;Space,0,10.59
Ticket to Ride,2012-05-24,Board Game;Strategy;Multiplayer,607,6.99
Memoir '44 Online,2011-10-12,Strategy;Board Game;Casual,7,0.0
Vessel,2012-03-01,Puzzle;Indie;Platformer,25,14.99
Project Zomboid,2013-11-08,Early Access;Survival;Zombies,701,9.99
Death Rally,2012-08-03,Racing;Action;Remake,0,6.99
Alan Wake,2012-02-16,Action;Horror;Adventure,228,11.39
Crysis 2 - Maximum Edition,2011-03-22,Action;FPS;Sci-fi,208,19.99
Legend of Fae,2011-07-26,Indie;Casual;Female Protagonist,0,6.99
Fowl Space,2012-03-21,Action;Indie;Memes,0,3.99
Neverwinter,2013-12-05,Free to Play;MMORPG;RPG,543,0.0
Achron,2011-08-29,Strategy;Indie;Time Travel,0,14.99
inMomentum,2011-10-31,Racing;Indie;Parkour,0,6.99
Data Jammers: FastForward,2011-10-24,Action;Indie;Arcade,0,0.0
Astro Tripper,2011-09-15,Indie;Action;Shoot 'Em Up,0,3.99
Alien Zombie Megadeath,2011-10-18,Action;Indie;Arcade,0,3.99
Mutant Storm: Reloaded,2012-03-21,Indie;Action;Twin Stick Shooter,0,3.99
L.A. Noire,2011-11-08,Detective;Crime;Open World,478,19.99
The Clockwork Man,2011-08-10,Casual;Indie;Hidden Object,0,4.99
The Clockwork Man: The Hidden World,2011-09-23,Adventure;Casual;Indie,0,6.99
Snuggle Truck,2012-02-03,Casual;Racing;Indie,199,3.99
Bunch of Heroes,2011-09-21,Action;Indie;Co-op,29,3.99
Serious Sam Double D XXL,2011-08-30,Action;Indie;Platformer,527,6.99
Avadon: The Black Fortress,2011-08-17,RPG;Indie;Fantasy,13,6.99
Monaco: What's Yours Is Mine,2013-04-24,Co-op;Stealth;Indie,135,10.99
The Binding of Isaac,2011-09-28,Rogue-like;Indie;Replay Value,567,3.99
APB Reloaded,2011-12-06,Free to Play;Open World;Action,302,0.0
Fallen Earth Free2Play,2012-02-22,Free to Play;Survival;Multiplayer,75,0.0
Costume Quest,2011-10-14,RPG;Adventure;Comedy,227,6.99
Stacking,2012-03-06,Adventure;Puzzle;Indie,238,6.99
Iron Brigade,2012-08-13,Tower Defense;Action;Mechs,31,10.99
Cossacks II: Napoleonic Wars,2011-08-26,Strategy;RTS;Historical,17,3.99
American Conquest,2011-08-26,Strategy;RTS;Historical,0,3.99
American Conquest: Fight Back,2011-08-26,Strategy;RTS;Historical,3,3.99
Prototype 2,2012-07-26,Action;Open World;Gore,953,19.99
Owlboy,2016-11-01,Pixel Graphics;Adventure;Great Soundtrack,534,18.99
Super Toy Cars,2014-06-06,Racing;Indie;Multiplayer,0,6.99
Quantum Conundrum,2012-06-21,Puzzle;First-Person;Comedy,220,6.99
Global Ops: Commando Libya,2011-10-26,Action;Third-Person Shooter;Third Person,0,3.99
Nancy Drew®: Shadow at the Water's Edge,2011-09-15,Adventure;Point & Click;Mystery,0,5.19
Puzzler World 2,2011-10-24,Casual;Indie;Strategy,61,4.99
Battle Chess: Game of Kings™,2015-12-11,Strategy;Chess;Casual,0,22.99
Worms Revolution,2012-10-10,Strategy;Multiplayer;Funny,259,10.99
Sideway™ New York,2011-11-15,Adventure;Indie;Platformer,0,6.99
Realm of the Mad God,2012-02-20,Free to Play;Massively Multiplayer;Pixel Graphics,64,0.0
Off-Road Drive,2011-09-29,Simulation;Racing;Offroad,0,3.99
Batman: Arkham City - Game of the Year Edition,2012-09-07,Action;Open World;Batman,618,14.99
A Game of Dwarves,2012-10-23,Strategy;Casual;City Builder,991,7.99
Oil Rush,2012-01-25,Strategy;Indie;RTS,9,5.59
SOL: Exodus,2012-01-25,Indie;Action;Simulation,0,5.59
Memento Mori,2012-11-09,Adventure;Point & Click;Singleplayer,4,9.99
XCOM: Enemy Unknown,2012-10-11,Turn-Based Strategy;Tactical;Strategy,1049,14.99
Dungeons - The Dark Lord,2011-09-27,Strategy;Simulation;RPG,3,14.99
Disciples III - Resurrection,2011-10-11,Strategy;Turn-Based;RPG,0,9.99
Torchlight II,2012-09-20,RPG;Action RPG;Hack and Slash,508,14.99
Cave Story+,2011-11-22,Platformer;Metroidvania;Indie,152,10.99
Geneforge 1,2001-12-01,RPG;Indie;Strategy,0,0.0
Geneforge 2,2003-07-01,RPG;Indie;Strategy,0,0.0
Geneforge 3,2005-04-01,RPG;Indie;Strategy,0,0.0
Geneforge 4: Rebellion,2006-11-01,RPG;Indie;Strategy,0,0.0
Geneforge 5: Overthrow,2008-11-01,RPG;Indie;Strategy,0,0.0
Revelations 2012,2012-04-23,Action;Indie;Strategy,8,0.0
Pox Nora,2014-10-15,Free to Play;Strategy;RPG,2,0.0
EverQuest II,2011-12-07,Free to Play;RPG;Massively Multiplayer,604,0.0
Sins of a Solar Empire: Trinity®,2011-11-16,Strategy;Space;4X,145,15.49
Toki Tori 2+,2013-07-11,Indie;Puzzle;Casual,149,10.99
Serious Sam: The Random Encounter,2011-10-24,Action;Indie;RPG,18,3.99
Airline Tycoon 2,2011-10-24,Simulation;Strategy;Economy,0,6.99
Flatout 3: Chaos & Destruction,2011-12-13,Racing;Psychological Horror;Destruction,19,6.99
Really Big Sky,2012-02-24,Indie;Action;Shoot 'Em Up,281,3.99
Orcs Must Die! 2,2012-07-30,Tower Defense;Co-op;Action,244,11.99
Wolfenstein: The New Order,2014-05-19,FPS;Action;Shooter,630,14.99
Assassin's Creed® Revelations,2011-11-30,Action;Open World;Parkour,1306,12.49
Impire,2013-02-14,Strategy;Fantasy;Villain Protagonist,76,14.99
Galactic Civilizations® II: Ultimate Edition,2011-12-02,Strategy;4X;Space,17,14.99
Ridge Racer™ Unbounded,2012-03-29,Racing;Arcade;Destruction,0,7.99
Scary Girl,2012-04-09,Action;Platformer;Female Protagonist,31,4.99
Scoregasm,2012-02-08,Action;Indie;Twin Stick Shooter,17,3.99
Nancy Drew®: Alibi in Ashes,2011-11-02,Adventure;Point & Click;Mystery,0,5.19
Hegemony Gold: Wars of Ancient Greece,2012-03-30,Strategy;Indie;Historical,5,10.99
Demigod,2011-12-14,Strategy;MOBA;RPG,270,7.19
Dynamite Jack,2012-05-10,Action;Indie;Adventure,9,7.19
Alan Wake's American Nightmare,2012-05-22,Action;Adventure;Horror,123,6.19
Real Warfare 2: Northern Crusades,2011-11-18,Strategy;Medieval;RTS,0,3.99
Call of Duty®: Black Ops II,2012-11-12,Action;Multiplayer;FPS,400,39.99
Hitman: Absolution™,2012-11-19,Stealth;Action;Third Person,400,14.99
Tomb Raider,2013-03-04,Adventure;Action;Female Protagonist,475,14.99
Titan Attacks!,2012-02-03,Indie;Arcade;Action,189,7.19
America's Army: Proving Grounds,2013-08-01,Free to Play;FPS;Action,24,0.0
King's Bounty: Warriors of the North,2012-10-25,RPG;Strategy;Turn-Based Strategy,798,6.99
Fortune Summoners,2012-01-30,Anime;RPG;Indie,27,12.99
Containment: The Zombie Puzzler,2012-03-02,Casual;Indie;Puzzle,0,3.99
Warlock - Master of the Arcane,2012-05-08,Strategy;Turn-Based Strategy;Fantasy,136,18.99
Sonic the Hedgehog 4 - Episode II,2012-05-14,Adventure;Platformer;Co-op,1121,5.99
F1 RACE STARS™,2012-11-15,Racing;Arcade;Split Screen,61,10.99
Binary Domain,2012-04-26,Action;Third-Person Shooter;Sci-fi,1242,9.99
Crusader Kings II,2012-02-14,Grand Strategy;Strategy;Medieval,272,29.99
The Dark Eye: Chains of Satinav,2012-06-22,Adventure;Point & Click;Fantasy,566,26.99
SATAZIUS,2011-12-16,Shoot 'Em Up;Indie;Action,124,4.79
Fable - The Lost Chapters,2011-12-19,RPG;Adventure;Action,555,6.99
Superbrothers: Sword & Sworcery EP,2012-04-16,Adventure;Indie;Pixel Graphics,65,4.99
Max Payne 3,2012-05-31,Action;Third-Person Shooter;Bullet Time,531,14.99
LEGO® Harry Potter: Years 5-7,2012-01-05,LEGO;Adventure;Magic,1904,14.99
Waveform,2012-03-20,Indie;Puzzle;Great Soundtrack,160,0.79
Snapshot,2012-08-30,Indie;Adventure;Casual,89,6.99
The Bridge,2013-02-22,Puzzle;Indie;Casual,123,6.99
Awesomenauts - the 2D moba,2012-08-01,MOBA;Multiplayer;Platformer,490,0.0
Serious Sam 2,2012-01-31,Action;FPS;Co-op,305,6.99
Castle Crashers®,2012-09-26,Co-op;Action;Adventure,306,9.99
Pineapple Smash Crew,2012-02-02,Indie;Action;Rogue-like,0,6.99
Pickers,2012-02-22,Casual;Adventure;Hidden Object,0,6.99
Infested Planet,2014-03-06,Strategy;Action;Tower Defense,2974,11.39
Confrontation,2012-04-04,RPG;Strategy;Action,0,6.99
Rotastic,2012-10-11,Action;Casual,0,7.99
Retro City Rampage™ DX,2014-11-11,Action;Open World;Retro,629,10.99
Deep Black: Reloaded,2012-04-18,Action;Third-Person Shooter;Third Person,0,22.99
Men of War: Condemned Heroes,2012-04-12,Strategy;Action;World War II,115,5.59
Sins of a Solar Empire: Rebellion®,2012-06-12,Strategy;Space;RTS,393,30.99
Crusader Kings Complete,2012-02-14,Strategy;Grand Strategy;Medieval,60,7.99
Magical Drop V,2012-11-15,Puzzle;Indie;Casual,182,0.79
Lumino City,2014-12-02,Indie;Adventure;Casual,29,8.99
BIT.TRIP CORE,2012-10-02,Indie;Action;Rhythm,0,6.99
BIT.TRIP VOID,2012-12-19,Indie;Action;Music,0,6.99
BIT.TRIP FATE,2013-07-11,Action;Indie;Music,0,6.99
BIT.TRIP FLUX,2014-06-05,Action;Indie;Casual,0,6.99
Dishonored,2012-10-11,Stealth;First-Person;Action,565,7.99
Rocksmith™,2012-10-18,Music;Simulation;Education,1371,25.99
Hell Yeah! Wrath of the Dead Rabbit,2012-10-03,Platformer;Action;2D,146,9.99
3DMark 11,2012-10-02,Utilities;Benchmark,0,14.99
Gratuitous Tank Battles,2012-05-17,Strategy;Indie;Simulation,0,6.99
Foreign Legion: Multi Massacre,2012-07-09,Action;Indie;Casual,26,4.79
Port Royale 3,2012-05-04,Strategy;Trading;Simulation,64,9.99
The Testament of Sherlock Holmes,2012-09-20,Adventure;Detective;Point & Click,1,14.99
1000 Amps,2012-02-22,Indie;Platformer;Puzzle,0,3.99
EverQuest,2012-12-13,Free to Play;RPG;Massively Multiplayer,20,0.0
Insanely Twisted Shadow Planet,2012-04-17,Metroidvania;Adventure;Indie,275,11.99
Jagged Alliance: Crossfire,2012-08-24,Strategy;RPG;Simulation,0,9.99
Luxor Evolved,2012-03-01,Casual;Action;Indie,94,6.99
Yesterday,2012-03-22,Adventure;Point & Click;Mystery,126,6.99
Auditorium,2012-02-28,Indie;Casual;Music,0,4.99
Tiny and Big: Grandpa's Leftovers,2012-06-19,Indie;Physics;Platformer,197,6.99
Jet Set Radio,2012-09-19,Great Soundtrack;Classic;Action,136,5.59
Warlock 2: The Exiled,2014-04-10,Strategy;Fantasy;Turn-Based,0,14.99
Avernum 4,2012-05-11,RPG;Indie;Isometric,0,0.0
Avernum 5,2012-05-11,RPG;Indie;Isometric,0,3.99
Avernum 6,2012-05-11,RPG;Indie;Isometric,0,3.99
Gunpoint,2013-06-03,Stealth;Puzzle;Indie,242,6.0
Gotham City Impostors Free to Play,2012-08-30,Free to Play;Action;Multiplayer,107,0.0
Clan of Champions,2012-10-30,Action,0,1.59
Cladun X2 / クラシックダンジョンX2,2012-08-1,RPG;Action;Indie,541,6.0
Tales From Space: Mutant Blobs Attack,2012-08-15,Indie;Platformer;Action,183,7.19
Crazy Machines Elements,2012-02-10,Casual;Strategy;Puzzle,0,6.99
Saints Row IV,2013-08-22,Open World;Action;Comedy,1094,10.99
To the Moon,2012-09-07,Story Rich;Great Soundtrack;Indie,233,6.99
Dungeons & Dragons Online®,2012-06-25,Free to Play;RPG;MMORPG,804,0.0
AirMech Strike,2018-03-30,Free to Play;Strategy;Multiplayer,172,0.0
3SwitcheD,2012-03-29,Casual;Indie;Match 3,259,6.99
iBomber Defense Pacific,2012-03-01,Tower Defense;Strategy;Casual,108,2.99
Alien Spidy,2013-03-20,Indie;Action;Adventure,0,7.99
Bang Bang Racing,2012-06-08,Racing;Arcade;Local Multiplayer,0,7.99
Indie Game: The Movie,2012-06-12,Movie;Documentary;Indie,249,6.99
SpeedRunners,2016-04-19,Multiplayer;Racing;Local Multiplayer,320,10.99
Legend of Grimrock,2012-04-11,Dungeon Crawler;RPG;Indie,362,10.99
Fireburst,2012-04-25,Racing;Action;Adventure,0,6.99
ArcheBlade™,2014-04-25,Free to Play;Anime;Action,101,0.0
Cubemen,2012-03-16,Strategy;Tower Defense;Indie,111,2.79
Ys: The Oath in Felghana,2012-03-19,Great Soundtrack;Action;JRPG,635,9.99
Ys Origin,2012-05-31,RPG;Great Soundtrack;JRPG,1234,12.99
eXceed - Gun Bullet Children,2012-08-02,Bullet Hell;Anime;Shoot 'Em Up,108,1.99
eXceed 2nd - Vampire REX,2012-08-02,Bullet Hell;Anime;Shoot 'Em Up,171,4.79
eXceed 3rd - Jade Penetrate Black Package,2012-08-02,Bullet Hell;Anime;Shoot 'Em Up,141,4.79
Wizorb,2012-03-14,Indie;Arcade;Pixel Graphics,504,1.99
"Hack, Slash, Loot",2012-04-05,Rogue-like;Indie;RPG,139,4.99
Rayman® Origins,2012-03-29,Platformer;Local Co-Op;2D,497,8.59
Noitu Love 2: Devolution,2012-04-23,Action;Indie;Pixel Graphics,219,3.99
English Country Tune,2012-08-09,Puzzle;Indie;Casual,3,3.99
A Virus Named TOM,2012-08-01,Indie;Puzzle;Action,97,6.99
AVSEQ,2012-08-23,Indie;Casual;Music,0,1.59
Botanicula,2012-05-07,Point & Click;Adventure;Indie,20,7.99
Bumbledore,2012-03-15,Indie;Casual;Strategy,0,3.99
Arena Wars 2,2012-10-12,Strategy;Action;RTS,0,2.79
Symphony,2012-08-06,Music;Indie;Action,321,6.19
Jane's Advanced Strike Fighters,2012-03-08,Simulation;Arcade;Flight,0,7.99
Sacred Citadel,2013-04-16,Action;Beat 'em up;Local Co-Op,263,7.99
Myst V: End of Ages,2012-03-16,Adventure;Point & Click;Puzzle,0,6.99
Endless Space® - Collection,2012-07-04,Strategy;4X;Space,352,0.0
Doom 3: BFG Edition,2012-10-18,FPS;Horror;Action,985,14.99
Avernum: Escape From the Pit,2012-04-11,RPG;Indie;Isometric,0,6.99
Tryst,2012-09-14,Strategy;Action;Indie,30,11.99
F1 2012™,2012-09-19,Racing;Simulation;Sports,2887,14.99
Omerta - City of Gangsters,2013-01-31,Strategy;Crime;Simulation,281,10.99
STAR WARS™ Knights of the Old Republic™ II - The Sith Lords™,2012-08-23,RPG;Star Wars;Story Rich,774,7.19
Lunar Flight,2012-04-10,Simulation;VR;Indie,476,10.99
Midnight Mysteries: Salem Witch Trials,2012-03-28,Adventure;Casual;Hidden Object,0,6.99
Midnight Mysteries 3: Devil on the Mississippi,2012-03-28,Adventure;Casual;Hidden Object,0,6.99
Midnight Mysteries 4: Haunted Houdini,2012-03-28,Adventure;Casual;Hidden Object,0,6.99
Batman™: Arkham Knight,2015-06-23,Batman;Action;Open World,1296,15.99
Blades of Time,2012-04-20,Action;Female Protagonist;Hack and Slash,105,6.99
Colour Bind,2012-09-24,Indie;Action;Puzzle,0,6.99
Game of Thrones,2012-06-07,RPG;Action;Fantasy,1421,10.99
Apotheon,2015-02-03,Action;Platformer;Mythology,716,10.99
Batman™: Arkham Origins,2013-10-24,Action;Batman;Open World,443,0.0
Drunken Robot Pornography,2014-02-19,FPS;Bullet Hell;Indie,167,10.99
Guns of Icarus Online,2012-10-29,Steampunk;Team-Based;Multiplayer,295,3.99
Resident Evil: Operation Raccoon City,2012-05-18,Action;Zombies;Multiplayer,237,22.99
Street Fighter X Tekken,2012-05-11,Fighting;Action;Arcade,196,22.99
Call of Duty®: Ghosts,2014-03-25,Dog;FPS;Action,307,39.99
Stealth Bastard Deluxe,2012-11-28,Stealth;Platformer;Indie,465,6.99
Sherlock Holmes and The Hound of The Baskervilles,2012-04-23,Adventure;Casual;Hidden Object,0,6.99
A Valley Without Wind,2012-04-24,Platformer;Action;Indie,84,0.0
All Zombies Must Die!: Scorepocalypse,2012-04-19,Indie;Action;Zombies,0,3.99
Analogue: A Hate Story,2012-04-27,Visual Novel;Indie;Anime,167,7.19
Dungeonbowl - Knockout Edition,2012-07-02,Strategy;Sports;Fantasy,487,9.99
Mini Motor Racing EVO,2013-05-01,Racing;Indie;Casual,121,3.99
Strike Suit Zero,2013-01-23,Space;Action;Mechs,77,14.99
Roller Coaster Rampage,2012-06-19,Simulation;Indie;Casual,0,6.99
Magrunner: Dark Pulse,2013-06-20,Puzzle;Lovecraftian;Cyberpunk,0,6.99
Call of Duty®: Advanced Warfare - Gold Edition,2014-11-03,Dog;FPS;Action,267,39.99
Cortex Command,2012-09-28,Indie;Action;Strategy,229,14.99
Fieldrunners,2012-05-24,Tower Defense;Strategy;Indie,130,3.99
R.A.W. Realms of Ancient War,2012-10-11,RPG;Action;Hack and Slash,24,11.99
Cannon Fodder 3,2012-08-06,Action;Strategy,0,10.99
Splice,2012-06-13,Puzzle;Indie;Casual,23,6.99
Lone Survivor: The Director's Cut,2012-04-23,Horror;Indie;Survival Horror,128,11.39
Highborn,2013-02-19,Casual;Strategy;Indie,0,1.59
Triple Town,2012-12-06,Casual;Strategy;Puzzle,170,6.99
Spirits,2012-09-04,Indie;Lemmings;Strategy,210,2.89
Nancy Drew®: Tomb of the Lost Queen,2012-05-16,Adventure;Point & Click;Female Protagonist,0,14.99
Sanctum 2,2013-05-15,Tower Defense;FPS;Co-op,203,11.39
Cloudberry Kingdom™,2013-08-02,Indie;Platformer;Local Co-Op,33,8.59
Rune Classic,2012-06-13,Action;Adventure;Third Person,592,6.99
The Witness,2016-01-26,Puzzle;Exploration;First-Person,674,29.99
Alien Shooter 2 Conscription,2012-05-18,Action;Indie;RPG,47,7.19
Viking: Battle for Asgard,2012-10-17,Action;Adventure;Hack and Slash,24,9.99
Unmechanical,2012-08-08,Indie;Adventure;Casual,96,6.99
They Bleed Pixels,2012-08-29,Platformer;Difficult;Indie,390,6.99
Primal Fears,2013-01-08,Action;Indie;Co-op,0,6.99
Magical Diary: Horse Hall,2012-05-31,Visual Novel;Dating Sim;Anime,0,10.99
Offspring Fling!,2012-05-11,Indie;Puzzle;Platformer,180,4.99
Deadlight,2012-10-25,Zombies;Platformer;Indie,415,9.99
Adventures of Shuggy,2012-06-13,Platformer;Indie;Puzzle,83,3.99
RaceRoom Racing Experience,2013-02-12,Racing;Free to Play;Multiplayer,42,0.0
Wanderlust: Rebirth,2012-07-27,RPG;Indie;Adventure,283,3.99
Thief™ Gold,2012-05-22,Stealth;Classic;First-Person,325,4.99
Thief™ II: The Metal Age,2012-05-22,Stealth;Classic;Steampunk,1584,4.99
Conflict Desert Storm™,2012-05-28,Action;Tactical;Third-Person Shooter,0,4.99
Dead Hungry Diner,2012-05-16,Casual;Indie;Zombies,239,3.99
Starbound,2016-07-22,Sandbox;Adventure;Survival,2055,11.99
Conquest of Elysium 3,2012-10-24,Strategy;Indie;Turn-Based,0,6.99
Test Drive: Ferrari Racing Legends,2012-12-10,Racing;Simulation,1350,14.99
Galaxy on Fire 2™ Full HD,2012-08-21,Space;Simulation;Action,361,5.59
Kung Fu Strike - The Warrior's Rise,2012-07-24,Action;Indie;Beat 'em up,99,6.99
Resonance,2012-07-25,Adventure;Point & Click;Indie,219,6.99
Star Conflict,2013-02-27,Free to Play;Space;Action,113,0.0
Sugar Cube: Bittersweet Factory,2012-11-07,Indie;Platformer;Action,268,4.99
Vindictus,2012-06-22,Free to Play;Action;Hack and Slash,249,0.0
Continent of the Ninth Seal,2012-09-13,Free to Play;RPG;Massively Multiplayer,48,0.0
The Lord of the Rings Online™,2012-06-06,Free to Play;MMORPG;Massively Multiplayer,300,0.0
Tom Clancy's Ghost Recon: Future Soldier™,2012-06-27,Action;Stealth;Co-op,325,12.49
FTL: Faster Than Light,2012-09-14,Rogue-like;Space;Indie,633,6.99
Party of Sin,2012-12-13,Action;Indie;Adventure,357,4.79
New Star Soccer 5,2012-09-27,Sports;Simulation;Indie,0,9.99
Super Crate Box,2012-08-29,Free to Play;Indie;Platformer,39,0.0
Penny Arcade's On the Rain-Slick Precipice of Darkness 3,2012-06-25,RPG;Indie;Comedy,0,1.69
LEGO® Batman™ 2: DC Super Heroes,2012-06-22,LEGO;Action;Batman,1031,14.99
MDK2 HD,2012-07-30,Action;Third-Person Shooter;Comedy,0,10.99
Atooms to Moolecules Demo,2012-04-06,Indie;Casual,0,0.0
Sonic Adventure 2,2012-11-19,Action;Platformer;Great Soundtrack,1188,5.99
Dwarfs - F2P,2012-10-18,Free to Play;Strategy;Casual,49,0.0
South Park™: The Stick of Truth™,2014-03-06,RPG;Comedy;Adventure,628,25.99
Magic 2014 — Duels of the Planeswalkers,2013-06-26,Card Game;Strategy;Trading Card Game,1600,6.99
Rigonauts,2012-08-07,Casual;Strategy;Indie,0,6.99
Aerofly FS 1 Flight Simulator,2012-10-17,Simulation;Indie;Flight,0,15.49
Galactic Civilizations® I: Ultimate Edition,2012-08-14,Strategy;4X;Space,32,6.99
Divine Divinity,2012-07-05,RPG;Fantasy;Isometric,59,4.79
I Am Alive,2012-09-06,Survival;Post-apocalyptic;Action,408,12.49
Deponia,2012-08-06,Adventure;Point & Click;Comedy,193,6.99
Tower Wars,2012-08-14,Tower Defense;Strategy;Indie,248,5.59
Gear Up,2015-01-28,Free to Play;Multiplayer;Robots,39,0.0
Alien: Isolation,2014-10-06,Horror;Survival Horror;Sci-fi,720,29.99
Eets Munchies,2014-03-11,Indie;Casual;Puzzle,155,4.99
ETHER VAPOR Remaster,2012-09-27,Shoot 'Em Up;Action;Anime,71,5.59
Fairy Bloom Freesia,2012-10-17,Anime;Action;Beat 'em up,226,5.59
Cherry Tree High Comedy Club,2012-11-08,Visual Novel;Anime;Indie,222,5.59
Call of Duty: Black Ops - Mac Edition,2012-09-27,Action;Zombies;Multiplayer,0,15.49
Thirty Flights of Loving,2012-08-20,Short;Indie;Adventure,0,3.99
Space Rangers HD: A War Apart,2013-10-17,Space;RPG;Strategy,0,11.99
Guacamelee! Gold Edition,2013-08-08,Metroidvania;Platformer;Action,317,9.99
The Basement Collection,2012-08-31,Indie;Adventure;Strategy,479,2.99
Half Minute Hero: Super Mega Neo Climax Ultimate Boy,2012-09-27,RPG;Action;Casual,462,6.99
Painkiller Hell & Damnation,2012-10-31,Action;FPS;Gore,174,17.99
Air Conflicts: Pacific Carriers,2012-09-21,Action;Simulation;Flight,0,7.19
Total War™: ROME II - Emperor Edition,2013-09-02,Strategy;Turn-Based Strategy;Historical,1287,29.99
Intrusion 2,2012-09-11,Action;Indie;Platformer,143,6.49
WAKFU,2014-09-18,Free to Play;Massively Multiplayer;Turn-Based Strategy,1086,0.0
The Book of Unwritten Tales,2012-07-31,Adventure;Point & Click;Fantasy,62,17.99
Secret World Legends,2017-07-31,MMORPG;Massively Multiplayer;RPG,408,0.0
Damage Inc. Pacific Squadron WWII,2012-08-28,Action;Simulation;Flight,0,29.99
Primal Carnage,2012-10-29,Dinosaurs;Multiplayer;Action,470,5.59
Rocketbirds: Hardboiled Chicken,2012-10-15,Indie;Platformer;Action,151,3.99
The Incredible Adventures of Van Helsing,2013-05-22,RPG;Hack and Slash;Action RPG,720,10.99
Zombie Playground™,2016-10-31,Action;Indie;RPG,5,6.99
Demonicon,2013-10-24,RPG;Action;Adventure,654,6.99
Home,2012-08-31,Indie;Adventure;Horror,21,1.99
Zeno Clash 2,2013-04-30,Action;Indie;Surreal,190,10.99
Fieldrunners 2,2013-01-10,Tower Defense;Strategy;Casual,0,6.99
Shad'O,2012-09-04,Indie;Tower Defense;Strategy,58,3.99
Dream Pinball 3D,2012-09-19,Simulation;Casual;Pinball,284,4.99
Closers,2018-02-06,Anime;Free to Play;Massively Multiplayer,283,0.0
Dungeon-Party,2013-03-13,Free to Play;Massively Multiplayer;Multiplayer,1,0.0
Jagged Alliance 2 - Wildfire,2012-11-16,Strategy;RPG;Turn-Based Tactics,420,4.99
Go Home Dinosaurs!,2013-03-14,Tower Defense;Casual;Strategy,458,6.99
Tiny Troopers,2012-08-24,Action;Strategy;Indie,35,3.99
Gemini Wars,2012-11-02,Strategy;Indie;Space,0,10.99
MapleStory,2012-08-09,Free to Play;Massively Multiplayer;RPG,106,0.0
Secret Files 3,2012-09-13,Adventure;Point & Click;Female Protagonist,0,7.99
Don Bradman Cricket 14,2014-06-25,Sports;Simulation;Indie,0,15.49
Gateways,2012-09-13,Indie;Puzzle;Platformer,9,3.99
Great Big War Game,2012-08-28,Strategy;Indie;Turn-Based Strategy,0,4.99
Blood Bowl: Chaos Edition,2012-10-11,Sports;Strategy;Board Game,342,11.99
Of Orcs And Men,2012-10-11,RPG;Fantasy;Action,74,10.99
Luxor: Amun Rising HD,2012-09-03,Casual;Match 3;Puzzle,0,6.99
Waves 2,2015-12-16,Early Access;Indie;Casual,0,6.99
Rise of the Triad,2013-07-31,FPS;Action;Fast-Paced,343,10.99
Worms Armageddon,2013-03-19,Strategy;Multiplayer;Classic,470,10.99
Karateka,2012-12-03,Action;Indie;Fighting,0,2.89
Din's Curse,2012-08-22,RPG;Indie;Action,0,6.99
Anna - Extended Edition,2013-04-12,Horror;Adventure;Indie,269,7.99
Age of Conan: Unchained,2013-02-22,Free to Play;Massively Multiplayer;RPG,135,0.0
Dogfight 1942,2012-09-21,Simulation;Flight;World War II,0,6.99
Alien Rage - Unlimited,2013-09-24,Action;FPS;Sci-fi,355,14.99
Nethergate: Resurrection,2012-10-05,RPG;Indie;Strategy,0,3.99
Democracy 2,2012-10-11,Simulation;Strategy;Indie,0,14.99
BIT.TRIP Presents... Runner2: Future Legend of Rhythm Alien,2013-02-26,Platformer;Indie;Rhythm,90,10.99
Unity of Command: Stalingrad Campaign,2012-10-17,Strategy;World War II;Turn-Based Strategy,8368,14.99
PlanetSide 2,2012-11-20,Free to Play;Massively Multiplayer;FPS,150,0.0
Defender's Quest: Valley of the Forgotten (DX edition),2012-10-30,Tower Defense;RPG;Indie,1365,10.99
Planets Under Attack,2012-09-27,Strategy;Indie;Space,303,6.99
PAYDAY 2,2013-08-13,Co-op;Action;FPS,890,7.49
Lucius,2012-10-26,Horror;Adventure;Nudity,190,6.99
iBomber Attack,2012-11-01,Action;Indie;Adventure,0,4.99
Scribblenauts Unlimited,2013-02-15,Puzzle;Casual;Adventure,390,14.99
Angelica Weaver: Catch Me When You Can,2013-01-07,Adventure;Casual;Hidden Object,0,9.99
Pid,2012-10-31,Indie;Platformer;Adventure,65,6.99
Mercenary Kings: Reloaded Edition,2014-03-25,Action;Indie;2D,403,14.99
Miner Wars Arena,2012-08-28,Action;Indie,0,3.99
Hotline Miami,2012-10-23,Great Soundtrack;Action;Violent,237,6.99
Ultratron,2013-03-18,Action;Indie;Arcade,84,7.19
Droid Assault,2013-01-09,Action;Indie;Arcade,8,7.19
The Banner Saga: Factions,2013-02-25,Free to Play;Strategy;RPG,190489,0.0
Chivalry: Medieval Warfare,2012-10-16,Medieval;Multiplayer;Action,293,18.99
Proteus,2013-01-30,Exploration;Relaxing;Walking Simulator,48,6.99
Dogs of War Online,2014-02-04,Free to Play;Strategy;Turn-Based Strategy,29,0.0
Beyond Divinity,2012-10-29,RPG;Singleplayer;Isometric,13,4.79
Divinity II: Developer's Cut,2012-10-29,RPG;Fantasy;Open World,70,14.99
King Arthur's Gold,2013-11-05,Action;Multiplayer;2D,378,0.0
Antichamber,2013-01-31,Puzzle;First-Person;Indie,181,14.99
Edna & Harvey: Harvey's New Eyes,2012-10-16,Point & Click;Adventure;Dark Humor,268,15.99
NiGHTS Into Dreams,2012-12-17,Adventure;Classic;Great Soundtrack,16,5.59
Grim Dawn,2016-02-25,Action RPG;RPG;Hack and Slash,1539,19.99
The Journey Down: Chapter One,2013-01-09,Adventure;Point & Click;Indie,327,5.99
Trials Evolution: Gold Edition,2013-03-21,Racing;Action;Level Editor,508,16.99
Kerbal Space Program,2015-04-27,Space;Simulation;Sandbox,351,29.99
Far Cry 3,2012-11-28,Open World;FPS;Action,794,16.99
Farming Simulator 2013 Titanium Edition,2013-10-09,Simulation;Multiplayer;Casual,1357,11.39
Nancy Drew®: The Deadly Device,2012-10-23,Adventure;Point & Click;Mystery,0,15.49
DmC: Devil May Cry,2013-01-24,Action;Hack and Slash;Great Soundtrack,558,23.99
Cargo Commander,2012-11-01,Action;Indie;Platformer,694,2.09
StarDrive,2013-04-26,Strategy;4X;Space,0,22.99
RPG Maker VX Ace,2012-12-10,Game Development;RPG;RPGMaker,465,52.99
